"HolderAddress","Balance","PendingBalanceUpdate"
"0x000000000000000000000000000000000000dead","415547.726359048","No"
"0x00fe433fe31a73f7bc6d9842fd8a7b3909110a70","1833.568","No"
"0x01b86caa9e80eb62f5bcb6d1cd916b77e3c91e69","26261.771815746","No"
"0x021ea8ff4555747b6f91213658cb5ce44a258165","176","No"
"0x0288e5dab671baa0602570e35d49ee8c4a8f72f9","361.68","No"
"0x028f242524485a49c1b270f1465366d857c990b0","88","No"
"0x02edc6d6f0bdd39bcd6e9e85e8e0fa3e08ca197f","1320","No"
"0x0305c881a923a9be545ce7c59a150945fde7d8bc","1101.034781292","No"
"0x0363b1bc04365087ef6e1360e35872b60187a013","8.84","No"
"0x0366abff15e1bd139b665ca171c6a28057a415aa","176","No"
"0x036a17fbacf73598787d9fc2b9ea4ce79c566d15","2062.791631279","No"
"0x037226545c7fa95230e8f712cd395acf5779037d","469.222338813","No"
"0x0388bcfd67bcdfb0bbaca3f4158a2966995da8df","158.4","No"
"0x038bfd05ec1a7620c709be5107f1bf4e1336483d","88","No"
"0x03993c75597bfb7c09a9d967e0a620f6f6e062d5","108.706202536","No"
"0x03b26021b5cecb5fb796c54bd0407fc2e67f234b","153.847674838","No"
"0x0470cc75e91101f880637edcadb1edb00c3a5679","23.681965963","No"
"0x04949e09073b7bb49b83aa1ecb9344e0ab62c5ee","107.184","No"
"0x0494b60526ed7f1fc6cb06884fa916ef18d80a3f","189.2","No"
"0x04b5f83f458e2aca23a3a3e3070b1e49a7ef3b31","4609.344996285","No"
"0x04b70e3812e08382a393c50381e4304d1649b352","352","No"
"0x04ca333c703b7278f703d745b3fa7ad9191824be","264","No"
"0x04ff2d5b43d523a3a46c697d011e2361853839ef","2021.861906019","No"
"0x0529045e75f2b17f2de59af016177017e430783c","3501.240661671","No"
"0x0563bc8cd7002cc8e03a287698797d013e007a31","586.08","No"
"0x05770743cfbbde6c424a7f9b58d3c9fa92a16b47","3141.876482177","No"
"0x057b4228256b4f7df536056f22d038b05cd49156","239.2706522","No"
"0x05cb9f7783a3ac9595d396554abdc0ba55bf104b","151.733412505","No"
"0x0624d8f6e930085b6c30e1ffab9d06c3f25663c5","4600.915575592","No"
"0x066fa299bf4dbe85d6b9565d4e9b6329d70e269d","1180.922604633","No"
"0x06dbc99d78f2970274d9396c325b11c18f9d36e1","201.09936","No"
"0x06f3fffe777d69c0575bf51357d2e965f6385d9b","58.96","No"
"0x07109455571ec9bac9fb9cf9ff9922abb1cefdb5","48044.640264796","No"
"0x07217abaf71cf29b24ebda3c469df8481fe368bc","776.017277251","No"
"0x076d256609722b46b6350725527accd67edff248","4904.033970352","No"
"0x07754bf1a49d9f43dac77a71d5882bb0eadfe174","13171.795002949","No"
"0x07eeb070d9eaf6e0df68ec1f020022eb580ff5b0","220.53253688","No"
"0x07fbe784b28dff19bf5758006ad3137bb4a1ffec","633.248","No"
"0x081e6b57cb1dc119548d97273d5d2442bf2dc825","293.888540907","No"
"0x084efe08028a79c417f1d4607e564ae5848452ac","603.381908347","No"
"0x086513078ad4478d65204a047dccbb4902313646","142.856978543","No"
"0x0873f30767dc533cc4d44244928adfa4aebd2aef","88.090245736","No"
"0x090a2ebe040612fa7f8f0a1898e36327b1873d52","268.4","No"
"0x094da7263349811d2fce6381f18b4d1126ce5a5f","31406.188497461","No"
"0x0954dd03a771eb08b4f521ebc35bb8deb1492a2c","3857.04","No"
"0x096256f1057d04ba7fc2d7c6e4b3482ef4dcfe2f","4609.44","No"
"0x09ca4366534c03eafe73a433d614720cfffca910","53.311696536","No"
"0x0a209b27fd67835bbd5aca114fedc6a73c49247f","1052.427603297","No"
"0x0a4921a50feb0c8294312d39768f388cd23eabfb","5925.239750567","No"
"0x0a63c19a18b8404253f74d65dfcbb779c10fdb53","1668.539142206","No"
"0x0a6680025ce092515de2daa81af5a0a74d9238aa","1318.24","No"
"0x0a66ccef6408676c04b042df124ab595f9403cc0","614.583515985","No"
"0x0aab1460dd4643b8dfe96cc44945d3086dd271cb","5336.606697135","No"
"0x0ab84902a958f2b6b0ef47b64d6a725da9d80d2a","1289.18708094","No"
"0x0ae59d0b1eed27f770ad57e2d4c621f09477b23a","378.633503649","No"
"0x0b116fea368824bc7ea380e4b78f4d23cb3ef72c","4083.23871722","No"
"0x0b1aaf8c213a8e5c5ba10259d7cdec1fe10a9775","880","No"
"0x0b27f6a37299332a014d7be8988e3d2ec19312c7","57.344490559","No"
"0x0b449105fce4adeb5aa8329aeb25a32dd22ec934","838.691578916","No"
"0x0b993e83a971311f7c20576dfcc59d0ce25cb037","3113.44","No"
"0x0bacda8d896cb46ab63c6e582af1a6277863d9f2","759.249510172","No"
"0x0bb84467145726d2c7125470948c32871ae8f663","41.52733469","No"
"0x0bf081c74fe44a73cec5d67021220f9f78a8f1f2","61.6","No"
"0x0c0f2f772c17b5e949f0721403ba3b020311981b","371.412460614","No"
"0x0c256b007c65359fc2bfbce489a8a5ca19bb6424","118.055043759","No"
"0x0ca08da703f8291663ade8dd472fa49f40dfb0e2","538.948586066","No"
"0x0d4c4969a5febfa7f5104b5a318e763eb8b5840f","601.72","No"
"0x0d537c2aef4c9eaa395bb864b52a694499c47d39","968","No"
"0x0da0406d0d0e731d2b018f53c7e605c76c0d2c99","4848.981757078","No"
"0x0e0c8bf2286aa8580cd8d069caca8bc3b75bc119","1232","No"
"0x0e347b2cc73725ed16a6157ae83eb0ba78e41e91","15.835812242","No"
"0x0e728ac923d5fa4d0b5a13e5bc1e2b7585ac9d6b","1320","No"
"0x0e7afa8b91fa4eb9bab19c7c54560ad49a3e7033","1024.349081074","No"
"0x0f13d3a214eb499e36877f9f20980b2615631ba9","132","No"
"0x0f1d6631656542ae0b4ad4cbc0039b2fdd99cadc","880","No"
"0x0f587489ac197d128f78ba78459a001355e2f808","0.476301131","No"
"0x0f8daa8dc1f0ba8469112c2d891fb426c9c3985b","4986.941341165","No"
"0x1012c0f9a1b13af7414a503bae4a68877e422c33","2146.9783308","No"
"0x10c62a3f6f619ca9cdca0c1bd37978d12f222e0f","399.201147518","No"
"0x10d6c954ffa65dfa1fac42c1502b8678bdf988aa","1211.76","No"
"0x1149bcfa05b2e421ca5911313d367e43f295412a","400.900396307","No"
"0x1164efa4fc39867cef0dfd317c0469ff9509d2e3","894.68829311","No"
"0x1191b02774431eaf26a677b297fa7b661ce51904","963.235794205","No"
"0x1198b6c8acd12b684d1fcaee08709c789f0b5719","1318.152","No"
"0x12161fc88cbb957d1a923b7f2400d7d49012a790","13467.454077266","No"
"0x1235ce7d62a9e677d995402e1c41e7b68890da60","968","No"
"0x123dd8f0f85dffacc11ff2cbeab4fd21460da50a","326.366786703","No"
"0x1290b12a063138169bfd6eec41e55021bdd4f506","782.056","No"
"0x1294972d835b3288eed1d261325d7dbc10372336","1750.565273285","No"
"0x1342414ab27637a8c18c4b913b980b00e3b4989c","220","No"
"0x135fa173d6fd658371e4ac3bee98365e079a588a","2551.58904","No"
"0x13970ee3b30898e43f0e707003fc9fb950e00e95","235.84","No"
"0x13f6007ca0fb81a6885230b7db018041979bff80","170.128929974","No"
"0x13f79f726972d2cfdabc69544559bfea41f6c195","76.665096265","No"
"0x13fa44d80d67db41cb60239f0e6bea5c2250c68f","717.20585253","No"
"0x14821943a985cb301352d74cf1a9530d91a2ed16","1540.8733346","No"
"0x14999d6787209db1a341f0816de2b5a905ea7bf8","257.84","No"
"0x149dfae62e288b13441c33a59e180ec9c30b71ef","492.3072","No"
"0x149fef50ab6b7f549e210d2d677c2d82a83bcbfe","9126.547218003","No"
"0x152cb13923008579d08b382d4b785d4431e9b44c","3237.803426939","No"
"0x155721815acbc632a4c524165f7e2aec621f8ca8","252.609048304","No"
"0x1642afd784dd251b0230a7cdcfdbbafde7d864d7","17.6","No"
"0x16467dfc312015330d5006752a3b7e3a79332d86","518.71307808","No"
"0x16764f1fcfbf7b5df3f946b4eb0cb4465ea06623","8.8","No"
"0x16853e027413c244aad9018231fc7470ae4b936b","15654.379937658","No"
"0x168f1d66c5dc4eef506a3c6c6d63816faff67033","11813.32626334","No"
"0x172141e01fc6bd59df5de59a9722c86a73425670","1045.706310398","No"
"0x173782e0149d6907e68a498efac91d364818d101","464.315009724","No"
"0x179e30a29c42c4b387d8da9c2e5a22dfece6d020","2676.097089993","No"
"0x1840f2e9e5c8e5c47114b35c1fa242566fbb7ecc","6306.197818583","No"
"0x18709f1bbef429d319df6bd75da89ebd80f502bf","2380.612508119","No"
"0x189290b742f13ff89baee759661c90e68a54e027","101.551431982","No"
"0x18b30cb2f70fbe8a8909dc51431aa195b30062e3","2286.26906491","No"
"0x18de720efeb6e6de50cdf3c22926ec3d124b1d35","2719.472239164","No"
"0x1950fe67a84a5d02466ea4a242ef1e03f325eae7","842.420437802","No"
"0x196d2c1fe0e5c934d2fd2a724d0939e1d73ddd8b","127.6","No"
"0x1982d4b671745c1b3199f459267c992d34e35259","109.41568","No"
"0x19c96d33640228a116e3fb196a89ee41d43bf46c","442.214495886","No"
"0x19d1594acd2f5a2714201390dafa0756fbb7e77c","315.202010177","No"
"0x19db19fb4288246a3b827c198e32a94b487c950c","6908.516557962","No"
"0x1a20e0e206fccfacc293ff47051cfa3dd02a489d","923.630516737","No"
"0x1ab03a97bb22959b5c2afd3068050ff44172d279","69398.56","No"
"0x1ac11158160ab6dc3a06713115b1320dc5044f1e","396.80168","No"
"0x1ad07b908e4981df5950ca375642e38d617f25bb","501.24280444","No"
"0x1aff5aa3c463aa51a59513a6935081bbb3124008","51.30295612","No"
"0x1b05595dcfb2d92168033a32c522302209e892c8","4400","No"
"0x1b2e9ce0c8e1aab7361ee1d420f026149dded5ce","629.947980406","No"
"0x1b42f321fd808d9c52ce721970bb4d0ef1355e33","1132.718867852","No"
"0x1b4d94dfc8758b7225c906b623b0773e8b3bae57","802.474215161","No"
"0x1b527a796d509fbe288f5fe24de4611e1391b547","5720","No"
"0x1ba08ba259c772ebeaf6e736bccb88eb1b6e997b","1234.992077043","No"
"0x1c15367718f2e12a28b7e3893bcc415ad5a2d0d1","1760","No"
"0x1c244b661cd7fd387b70e9dff95885a420b95788","33974.963362538","No"
"0x1c28d5d6c98689c862e775855c274bbd99797144","2193.444517371","No"
"0x1c2ac3be31092dd8098658e5910b34a29f9dc751","7590.88","No"
"0x1c5de7627b70a6f392e7b309f42473df95953c63","1690.48","No"
"0x1c6acb9e2f1607c736d5c9c6c001d6a47433197d","41.36","No"
"0x1ca92ada3c77a1a5b676eed51e1c27920f50f4c4","12375.650436955","No"
"0x1cbbab2b591433c9a48700fc2872cb48e1b9dd42","47.633727534","No"
"0x1ce136dac2004b8cfd316d311575143b0fd581cd","8203.395415654","No"
"0x1d3a4edbe578e7666f0d1a1ed03d205390a37a64","113.834656152","No"
"0x1d6047820f00de49a7eb7b57e8cd58ef034324d5","19698.027019845","No"
"0x1def369705c53624ae1a1866dfa781d7e59be434","188.121427414","No"
"0x1e0edd5fc12524105acc3a55c530f5fc75448538","169.567914804","No"
"0x1e14d53ad9930db9315e5f546a4a34d95645b829","2729.731934364","No"
"0x1e421fc246db343ceac5a6ba89a6de1d5d9354e1","296.956265357","No"
"0x1e43507365f0b7ac4112269c5cd2c954b6637813","56.440568934","No"
"0x1ec8f936895446823ba85a2b25a19d3e98de8a62","450.097449959","No"
"0x1edf43b5729cf11b2d3ad40c67adc18ba4097c1d","220","No"
"0x1ef4e1713d8b7924d34edef6a136d306e0ed130a","532.539983908","No"
"0x1efc48a80e7f7d968af2d6389da626f56eb7e94e","760.96791751","No"
"0x1f0e34e48409c317221e5b2859a0c8c6a1b05a6f","11.755968887","No"
"0x1f11298ca232f0ddd497c2c4790499decd21bc97","264","No"
"0x1f988f4e133cf2ff2d56339c91a1b6e0a700f681","44","No"
"0x20134d0a5735872ab1a1c117f16148b870e262fa","43774.353367328","No"
"0x20218eb0172fab5ccb099b3a1d5a96ea57126bff","132","No"
"0x2035a46aea776f39b02338ecd13115790804533c","225.382935665","No"
"0x2059622f8ee1f1d01f8fcbba5f2dbee597622bf5","713.138584989","No"
"0x2089a8b271628bb64a91a86c5b6bbc2c27766ada","239.584652443","No"
"0x209f23cc05f4a3212f5f2fef553ead51769511c7","1800.489066052","No"
"0x20c28c1b1e126710a2ac89b89c133ae842509472","158663.533672463","No"
"0x20c5dd8c51ff3a71cab672883b9def7c91d11adf","2158.108625239","No"
"0x20e80b35679cd162b3062d576e1b6cb4800ffb52","1647.099716241","No"
"0x21483f04d1a27a6329d69df1ca832c455bac32c7","52.315179301","No"
"0x216ecd706c8f8821e33227572e0e3f44fcb9c8c1","71.28","No"
"0x2183a03ab6b97663c238516cacd110f3f83fb7c3","2896.569878347","No"
"0x21ce1fc9599b37070d23fb41410ca44317dd5d7a","8.8","No"
"0x21f7f591c3f8ced94eb6ea0d37196b1d9dedb07e","3382.115535165","No"
"0x22865deaad36378f7f92a3e497c3c595b3401a67","1885.150843679","No"
"0x22a5a670c8424a9815bac81ccbadcbd40d79da7f","2728.599177472","No"
"0x22acd6d325c435a8f1260976103a289475d0157a","38.72","No"
"0x237f3cf434eb1555d660e8235a4021aae7ccc33d","1220.238138522","No"
"0x23c0b31088d8d155ed53948d80eb3179b639c4e7","3080","No"
"0x24559a654ce65e31fbed2ddb8840f19c7fa902ac","188.936","No"
"0x245e54cb6aec772ec85a1a1e54971dc6fe539e92","1943.04","No"
"0x246438ce9eeab8e58d5ab7ce3bbc61418ffbef84","417.838360392","No"
"0x247927b325e7f795cb6bb629d42d640ebedee01f","0.44","No"
"0x24b523b7b09c4da3bec8fac4210df25313fdfc09","7000.124409933","No"
"0x251079b6811bda650d3ce0305020ab31b942d229","331.76","No"
"0x25a217725c6061e2408f57a1d25014a3127becd6","469.712754368","No"
"0x25b23f64a3224d387372c28ed8f79aba9edca287","362.427667527","No"
"0x2679a74f039726d2caa2dd5be149467b95da62ec","352","No"
"0x26873cbf6b70f9f59a24f27d8c6ec42025069a56","1505","No"
"0x26a38bbcb16a80a4e99d5502a2a1e1df8f639f96","201.926664713","No"
"0x26c250848a0b9f50ba397fef7dfca1719b31ec60","461.512927217","No"
"0x26ce9ffb7add0f1c81813df5bb175e91a4e3884e","258.672650183","No"
"0x26de69886e4566b0870cc31947f87055a8334371","113188.704816843","No"
"0x26fb2d81a49c6558b2b139982fded55d3e028226","16889.226660697","No"
"0x271516ef25bb11f10dbfc3ba422a9442f4e2db74","2816.355113125","No"
"0x278b8020553b60329d5019a9c357e1b01460d245","397.58488","No"
"0x27a38e222eb76d60edb48a2af39bd4b31ddbe42a","700","No"
"0x281c68379b5fa771f703a74f05d568e3c4e13d11","2940.96","No"
"0x281e23b297d26470fa7082b23e168b364f9b3573","813.19966097","No"
"0x28208d2d5f5d6dee46e0f2e3f79bf06ca70609bf","3003.026859148","No"
"0x283214082d233ae4e106a4d49aa73081a3c3e30d","2736.8","No"
"0x287d96b950ef46035d8ea1935a4c83d33970fe5e","3699.291315046","No"
"0x28992c14391fea1dcd4cd5d0b1842cf9c2d31c8b","1352.404748558","No"
"0x28bd4db2f24e5a99ee86d0abb36103e9d4f24174","880","No"
"0x293e40699eb817756b77918b3e7d0a3543f0d216","2836.665132848","No"
"0x29436910226f8c6e79c2555d29eccf506b2a4222","67.649274919","No"
"0x2980c96d54d7a76378f698057f03382b3a63eba5","16334.69344595","No"
"0x298ce9578ee0de7ccfdf0c4118cf05a2c5bd3c14","1345.250052795","No"
"0x2a072ff04e6a944ebd1d2a05353ff152c17952e5","1677.0214384","No"
"0x2a1d5b3370392e5d9a6c3dec1958b6f7115cf35a","274.637472707","No"
"0x2ac6db86087640ab273057432d2fe2d955abf84f","510.980559082","No"
"0x2ad2ea1f414fc5dcbe470053f418ca1655a74b04","29.919912","No"
"0x2b7bf4f2b9cd253fe6c107fb5abe3a591317518d","444.646922708","No"
"0x2bc3bcebecf7e2e2c3e1c8c601bc3932034f4bac","8.8","No"
"0x2bdff2b704b865e90bb7e83b4612ea71daa23188","387.513317115","No"
"0x2c3080ec1865134e775482da64b26751bc279691","52370.012835381","No"
"0x2c31d009414debbce39faafbce1025754f31bc53","97.23716254","No"
"0x2c5fd4ab2fed08fd796c27bef94cd47fc7eb6081","980.461869205","No"
"0x2cc1c7a1aad316f33780bee382f4b183b4953582","880","No"
"0x2ce173bdd1970d35fb79f6cf020753d49b10d88d","61.6","No"
"0x2cea6e53482b41e13ee6944262ce75d8e39d0000","501.313144611","No"
"0x2cf85bd43aa134dd9ed57d0b6fa5797c4883005a","445.922425341","No"
"0x2d515d80b01de23331898d10e4a829cdc695849c","1350.512982968","No"
"0x2d6e121d7de3dabec1e1f5dba4ca2ee896eb7afd","19691.076753718","No"
"0x2d8ed030319596bdb7ab172811514e0ea483d0cf","412.375067376","No"
"0x2e200ebe5147677440c4f49ddd0b125de9a01115","12246.703010872","No"
"0x2e41b317747eb2acbe3c0caa18403d8fe1b4f881","42812.62227652","No"
"0x2e66013c198c4fcc4de390bc65019d85438caf8e","8800","No"
"0x2e730b81a15f75314074b9161a944dc60bf73cad","2882.750327674","No"
"0x2ea6e9d1d295202e2eb717126dbc1498207f4980","42.976639908","No"
"0x2f1c9d77d35e71ca032f02e2f9bb267cef4f0eab","154.275474929","No"
"0x2f3f14cadfe95645d5c3b9c4eb2e1f3747bdc967","4351.351127278","No"
"0x2f42bdde6802f176d4142bcfd45d71aba65d6786","140800","No"
"0x2f5bc52dd5eec59426ebdade63a27e6d94c83468","39860.777800422","No"
"0x2f6814b61db032a76603db1d675b56976fb319dd","64753.201053659","No"
"0x2f7991be99f459504b32c58b38a35f08706611dd","0.006799471","No"
"0x2f844d916859017f4f4ddd5f0ba7976709f0d465","450.56","No"
"0x2fce2080d37077f139271816a18d990ba9b171be","88","No"
"0x2fd3bfd6e9f9d89315d30eedb594c54b31394c4d","1893.93688","No"
"0x2fdc4fc770e2b6d189acfc408f994eaab6f096c1","272.151873264","No"
"0x2fef9576e9e2bef533e933fff37d84f0d1d76818","3384.622459134","No"
"0x30142b86f4ef561b797d57a7bd211e734f8444d9","352","No"
"0x309108f857d9d295bcf435eb61158fbef8b016e8","190.796511771","No"
"0x30bef1678e16462d6c5b185f721d74b541477ed8","588.284054836","No"
"0x31106311595559b87ee3a90c970ac88c4932500a","536.536","No"
"0x312e520832d030e11a2374e93330e505e68f4b99","176","No"
"0x31355ec88d2b44258b237bf625c126545f445348","661.14488","No"
"0x313a6a80075a2a97e9eb0cd3bf874c1447c3ebae","440","No"
"0x3162129940328d1168eb60b00496a66e52965e8e","11836.574019147","No"
"0x3197712a890640f60a4f40ad5bfad33125d27d3a","80.670103458","No"
"0x31f0c57f36c872409a7b5eb613594e2655d6518f","1132.323471652","No"
"0x3221b0725c741a324d0e1a245a08a6ff8d73baa0","8075.324050995","No"
"0x327ff0f2a8081061baaab0bbf265af704bbfa2ce","88","No"
"0x32adbbaf039923a2d34ad00e770fa983c55336c6","1835.35473609","No"
"0x32cb68a474d8e873892e5001c5d32f589ca947ad","106.107547089","No"
"0x3325f58217a353ce02f53ba60dfb0924aa1c1678","361.001467533","No"
"0x3328f3306668a9e019a251fd28d8a38ee2bf4eec","374.956076058","No"
"0x337822b082fac50dbbc6b149f9a3bb3bbc02bcff","25933.688","No"
"0x33fd3a83b40e51c398eecb0fa93278699a58400e","439.987371172","No"
"0x340d1f59eaaf2fe00f646f9ba65369126b407953","480.350333879","No"
"0x3484a058535c1f2f516e9d47b5e88993c2501654","167.52296","No"
"0x34cc54f3c65e6e6cfd1f05e2ad0540624a5eff24","941.509336438","No"
"0x34e250a5bf8e7abc85873946af735e4b5d6628f3","2640","No"
"0x35016c9e3d68255ae881b8ad8d7ce3f6adce3d99","90.06184","No"
"0x35324278bcf003e16bcb9399fe412b8af2a45a82","4372.216684969","No"
"0x3548cd2e353c966b9485b4dee48d623b5cef7c83","558375.939653809","No"
"0x358fb80fcb06346fef20e819dc81ed9894b0bd48","176","No"
"0x35a5c9f9070ab39dff67e5d5fa81725b1b8725f9","3925.234920679","No"
"0x35c78afbcb0d8aba2d7aca9ca61ea98d87015468","3078.900604922","No"
"0x363962f0f9508473ce825ce451519c9e20760185","830.842874668","No"
"0x363a2263659368eb1fb147c278eccb514e7add45","176","No"
"0x36406df035b7f30306d66d605b9d54b2c4f85602","461.666496846","No"
"0x364a5435e23234721ec57163b582977d68484366","914.857848768","No"
"0x36798d3ad80fbc07a93b2bab7944e0e63f05fcae","880","No"
"0x3685582ed627f0c3f7f530ff906356dbd15fb3b5","215.700620287","No"
"0x369ee0a5a7a9644a9098be91c414aa59f8f60889","32.299129538","No"
"0x369fc5b118f39ee5b59c5fa234a01900ddfdc37c","58.586449895","No"
"0x36a22edb865fd5108bb081a8b95fc62b91c6f8c4","139.44864471","No"
"0x36bc2aea156d0b0a96b4987c07ae04fb57a39133","264","No"
"0x37734b7586a5cc2b796dfee5263c886ba815a4a8","24.462774328","No"
"0x379944d0a37bbe18c94f5fadb68a2896f045fa91","1791.513335928","No"
"0x37a975508df9afb417dc6872c7473d173d816f08","15418.235068817","No"
"0x37b826d29163f2f9cbcb9ebc9ce454676cc14c46","1027.525450094","No"
"0x3821e5b83124a72c6c9548c9cab20aadb048dd90","762.080088","No"
"0x38269a34497d2dee560aa0494d829c06927e428d","26564.7888","No"
"0x3932e0efe11e22fa8d752a8e410ab166db7e5fc5","108.518566246","No"
"0x398ba21cfd6df981f824b43420228d7040d8d5b5","1000","No"
"0x39e4adc439c990953ceae92c84ab6ad3eb05d9e4","2561.447428963","No"
"0x3a0e2c7ca74840cc25a1db1bec1fa1ee8e52d074","11899.805556546","No"
"0x3a22cfa64b3492244ec7c37b351548378ab8311a","1386.88","No"
"0x3a528d0598535861e38e331ee2dd27dd94a37250","968","No"
"0x3abf67ff3d4fac4bfb969e89aff4b039780a61f0","187.458193252","No"
"0x3acf73e42a5432814750400524b70c38be9f51cf","345.848695914","No"
"0x3ae064cd492b2e2303209db04ad88cffda61cecd","2200","No"
"0x3afb31a8fdf1de5d19a30e970713d51afb1ad783","296.948719604","No"
"0x3b4bbca1dbdfb3a785be98dad85438201bd3b664","1568.826143801","No"
"0x3b94f4585fff1662bc001663f276cfdd33a032bd","213.142223815","No"
"0x3b9589b9235fd15631e4304d3b575979001c7d1b","276.887376998","No"
"0x3b96e3bc3569c4c68178011cf2d1bf0ceef9f32d","3960","No"
"0x3b98fa3f0c9cd39fe9a57e9a201a8c1bb43f0e98","11958.359012568","No"
"0x3b9f029c559f0b685977db62be06f65dacb65d15","457.6","No"
"0x3bccbd6e74d75627209a7e440f17625ab575f61d","440","No"
"0x3bef5ddea75cc8af6781187dd03ec251f58139ab","9229.724104611","No"
"0x3bf5ddda450bba1dc21d115d278e11544ed768e3","352","No"
"0x3c02c47bf1aa95841731af18bb22b05b1c9acdba","13342.804228408","No"
"0x3c3269144adc2e18550139478603f3721bb5741b","372.69582387","No"
"0x3c693268bc4357306c8c94f86b24b3ab97aecbfd","27.358890255","No"
"0x3c6a0e6048972acc7a78fbf44188386c6f0e7c5d","22.929009159","No"
"0x3c859a9e91adb43b7341b2144f66a0ffc68f8d01","290.4","No"
"0x3c9872b1d6da07e79853a3d62c91aedd1e902be4","4234.580106947","No"
"0x3d1f3d69f346446aadc998a2966b0e942da5d0bd","108.24","No"
"0x3d5581ef7df9eb5fc80a3d18a915f698b2465236","22936.224419112","No"
"0x3da619edb85523c13e1453a5b4f7412ef3c19489","70129.528","No"
"0x3dc290ed628c3a62db10e21c9cb78294ecc92f69","129.342188445","No"
"0x3de2e0123864c770c6e3148562be8c8d31fbfacc","242.680669574","No"
"0x3e79c819e7f5a9636dc571136413ce88885b68cd","416.24","No"
"0x3eac6a0f1646f158a99b837341954b4cbefc0f40","88","No"
"0x3ee5287e76dfa013b2d3c583548e753f5b8124f9","656.259643883","No"
"0x3eecfb03842d7f2074d1db3901a88b180b44a564","220","No"
"0x3f01f24e98c5f0e7a1d55ce6c8c2e8586bc5d7a2","1551.499942757","No"
"0x3f3e6cc4b11e24ccc016bb75b270384895f23987","318.075025478","No"
"0x3f5bd4019bc5b166155f8e8d45fe29a16d4c311a","1496","No"
"0x3fbc462ab667a03043490534163e89beff5e0c58","351.00846228","No"
"0x40041965b2848f36ebe8d1f7686fbc1aa7a991ac","880","No"
"0x4051195bc6e4badbdad853df78eac52ec58cf93c","132","No"
"0x4080d8a75dccd12632baa702fede7e969b834c6d","293.404465654","No"
"0x40a8066cb2d5c161f2fd0e11cd6bbaf2e5f57afc","18157.978216957","No"
"0x40ae2828762b903864eadef2265b20e6fb9b2387","264","No"
"0x40bd5c49b5a84ed58938f98165e903b0956d200f","284.193923111","No"
"0x41174cc4bad27bc10cb4a958f3421bbef3272594","880","No"
"0x41270dbbb0ff794b1fbcfb56358620c5a2ce059a","230.603412217","No"
"0x41565e7a834e365633c7d2139e4af3dbccd81d04","1372.8","No"
"0x4180bdd7c177ba61c42f236fd327978cfc529e32","261.8","No"
"0x418aa2d55af73603c94adcc370185741db1795a5","202.697075731","No"
"0x419de3eb9abf7bfce46b3888b289fbfb6d794459","352","No"
"0x4208e986bd10829ebe7e0000267d20d09f8dc0b6","14570.878669543","No"
"0x420941e34dc76cff40c025d4747c786a20a6f57b","816.583368829","No"
"0x421d0d32a3a0faba64f7bdc9eae7002c1c658321","985.745108832","No"
"0x4231d3458e214e2156b891e7702df7908250374b","1452","No"
"0x424df14aee41fb20f524963653ad9dc2b77a65af","1013.76","No"
"0x42ab4c690b894b99953a77370df452bf18020aa6","17286.72","No"
"0x42dbf106aa1b570df74ea9d32665ec594b0e3d1e","12238.817134399","No"
"0x42eaeae0e4b61de03f3da9338b6932ca8cd3898e","880","No"
"0x42fbc328350dd14d2f009edd0cf3938026956e36","293.895837848","No"
"0x430a5965bcee916b7629353be63f0ba9f9fdb18b","2111.891928646","No"
"0x4382fa5fd187b2dd00eb07a2abb8c9cdeaa2c373","564.08","No"
"0x441ad32755b1676830cd2c1c7bf1ac9067d37505","14.947370751","No"
"0x4457c727a1c2ab963887a059c51947fe83016c25","0.88","No"
"0x4469633065355c45f908fd4f889646d73bf74938","1747.333067537","No"
"0x446f24a9717eed0b91f8307fda4bdfdaf2430d9a","97.241072711","No"
"0x44bf55c4107573493643982a8ad4bbf07fe32fd9","204.7253604","No"
"0x44c94ca0a48c1759920b38ca19dbfa9a560da234","308","No"
"0x44d4901b56cf7ba9933ccb5cdf6698f92b76815a","704.29744","No"
"0x44e9743361a6594e935eca79e5f8d9579f5320e2","4661.183544217","No"
"0x45144a2af3b59dad50f4459798bd39738a500ae4","610.377112448","No"
"0x452a755e560c54a8b5f286bb1bffc81de73c4acd","145.628504609","No"
"0x452b9d012e117a32b7d7f9dc26e7b22e22ea7d4a","11602.670799317","No"
"0x457da3bba3a72dc89ff7f6816be9c55491645d04","352","No"
"0x4589ba2a8e01b6e74f77c11ff739054e0c171659","3224.866652933","No"
"0x459fd8f252aa5c2ff7249f9c034cd4b1e49c0a00","1760","No"
"0x464fe28bc98bbf96586b316932d3b4385a7b04c1","2693.768","No"
"0x46bc47fa8d80874ab88d71cf1e79287402972518","1520.879631049","No"
"0x46d45ef67665ea1469e77ff9bd34efcd8191c16a","96.137625354","No"
"0x470745873b69874c0dc9b8b7d069f2cbac206d88","300.118965095","No"
"0x47693bcdcbcd9e1c0c4a7bb9f9b16a2a7f1318ed","13200","No"
"0x476be0cdd12fe19965ad3e23eea60e39b1774d57","164.56","No"
"0x479a2de0c3c216c6a4c42e5155b0fc86ba2edeaf","488.025133849","No"
"0x47e2f0b5d76babc644ee377e31afe7010f0f4824","259.109379817","No"
"0x4829361f21e485d55ef1ab72ce0bb72207ff8553","528","No"
"0x48bf8f0440e29c71307378dfb467f4b5fd372e5f","36659.809568524","No"
"0x48d6bf75159637807f091b8c84a2723a0cd8930e","4535.222775474","No"
"0x48ddbaff98ac7e23ffada60c8c089f9804aec2f1","186.039611765","No"
"0x4935a81d5b5ceab74e7cbbb71a43bfb9986af457","399.285406486","No"
"0x493681f8c66942b9f86fb14ba12a92d9b32d8f30","27655.428168567","No"
"0x4981d610ecb18fc2a07b1ba207aa8ded10230aa9","53.68","No"
"0x498ad81e9ff2e9ed0374c6b1601c9c72cfb35aa6","2610.563606628","No"
"0x498c28592fc46dc8a616c2a67557328025131eb6","391.383482761","No"
"0x4998d5877161da5439a719ce48066b439ec2f832","2150.616942373","No"
"0x49b1860d7d44134ea3630f7f39220bf41be6a160","1193.659601615","No"
"0x49c12a5b325e1be7acddf2c213cd963b2aeef16c","11206.271150814","No"
"0x49e00b25bde640e820a6990d6902346a0cea9092","8.8","No"
"0x4a0707aef62a3d155ba9e2c395bf82de0d0225f9","918.314045822","No"
"0x4a709f7357f762cceaa867e4768121aaa5bd1866","136.4","No"
"0x4aa218fc31f5603d8f92ede20171725bc4fc4d62","1488.96","No"
"0x4aac97c2f444a42e4a5c097fa2771f57e3251941","356.264747898","No"
"0x4af9a9b4405a12a1791be14d6cfdb78a94ffa3e0","8448","No"
"0x4b4155b386ff5570fd66b978ed82b8081951fbb5","792","No"
"0x4b4555da5397ae06c336711dd5163df65676181f","393.207580895","No"
"0x4b4cd33f410828637b9ea2c9e6855aced3b1a3f0","1182.931821552","No"
"0x4b8e3c19cf63187ad537acedfc2e55c8db41b1d2","45.943620609","No"
"0x4bf9970522a162a4401f9472039906933c2fdebd","155.76","No"
"0x4bfcb575c633f8ff9da277ed9a5f8b2062061173","1477.168","No"
"0x4bfd81be14041c0490626fc9024c5db4ad5bc5fe","227.898075507","No"
"0x4c404724acebb060e2084f652e84219130718229","176","No"
"0x4c87976b98645826a9b6d4d9fdb73a203050bf13","1079.76","No"
"0x4ce26043224b76741359a03d6fe6b921d323f135","6783.471832738","No"
"0x4d3d69c5b95d01b043d05c129e58dcff46a1ed7b","88","No"
"0x4db2ef10ee6b033b076ebbf7720f5ef049f5be36","695.923384321","No"
"0x4e0512c74a5c64c51c190165f141baf01b29ece8","686.4","No"
"0x4e1a5db5d84f261f6244b2ed78a8ffaff168749a","528.548439146","No"
"0x4e1b41baa503aa97174dbda18ff725a5444a81f6","608.96","No"
"0x4e2385d657c65381d0e5446f9e0663f5e09820e6","595.209926833","No"
"0x4e679cdb82787447549e5b9fceb324bde88a59db","162.8","No"
"0x4ec00b4a5480c5aee8be46c4fa71c58977c5be4a","473.634028667","No"
"0x4ec16f48397f0b6940036172dab9ae02b41491b2","1042.504841193","No"
"0x4ecc095b066d4544cf5ad7f74367bc4fdca02c4c","262.764227249","No"
"0x4edcc9d0fa3ce259da559f0ce12fd55ef8aa34fd","766.524753632","No"
"0x4ef240236ebc60f9fe81e050431352e4e6e1896b","149.486414543","No"
"0x4f07ec8b95721e2cc6de887a680ae5257bd04fba","92273.956296634","No"
"0x4f4b9dd9fb447263166bcc54682ee2235f8029e4","803.628929109","No"
"0x4f56193aedbe48f6feaecc3d9033d060de4f4651","1281.137009368","No"
"0x4f5b25adb17e7bd4c48fbedd7bda4444072a14bd","12141.849741165","No"
"0x4f712ad70d9b44e4698ae6471aa45dff8de5b2a9","7.04","No"
"0x503533ce246cd1657c70254d4771a236f61fee1d","3872","No"
"0x50647555c9cb88de02fcd9aef719a60d57c88446","88","No"
"0x508cbdea4b013c35fbd5a216d17c26fd9afc5df5","915.2","No"
"0x50b5167cff2737be0a53053344eaf09d4322c733","6792.584586023","No"
"0x510da9bdb8976ddee0ef62ed875d799130fdb5c6","378.4","No"
"0x5127dc9704c51fb132237a6743acd3ccdc1cff8a","1586.454823589","No"
"0x516f9f28d0cfbdfcde4bbb79d384ab01d83fc877","395.2916","No"
"0x517e86354093fd9b16e09dfc75e97b1170d1d68e","73.86592926","No"
"0x51cf42ff5ffae24773eebbf439119c050b1a80ef","2786.96","No"
"0x51fb7dcb26c026b1782d2dffd3bbd6ca0df20306","8255.349916122","No"
"0x52adb5165a52564eaf75f699ba30394c1378be3d","12891.912","No"
"0x52be8998608d7676c7caba686688b9dbccd54317","126","No"
"0x52cf400d0ce777039141b355ff174706a600530d","34119.426889886","No"
"0x52e7b0aa5d0a26f752756fdc6e471bbeed68db4d","880","No"
"0x530747ece633ce0daf52c0117f3a73e91afcd6e7","18588.541117718","No"
"0x5346a2b65d98859401ce4ce685c547ee9a04da69","294.8","No"
"0x5359aa43407a236358b05f10e6eb7d8188c3c924","322.850815921","No"
"0x53818ec1a68209301da09322ee091b5e127736ec","452.59456","No"
"0x5430ab1ff72fbbd23104aedd908fb24592b448ed","2409.009534653","No"
"0x54764b8093cccd0c853b1bab26ea66dee46c4c6c","10144740.260095","No"
"0x54a41584857fe5d21ea224911f8d3f67d5edcfc6","58.96","No"
"0x54d271dbe5d03a6201b6aa95c8e4130c513b8764","1221.000849763","No"
"0x551336fc9e07652908f7ad0f6a600020d0465b35","880","No"
"0x5517a59f4b72b5e4526c1ded1fc77ff521b2ba62","334.751190922","No"
"0x55321ea917b8d3826690e94304cbd04ff21836fe","35.016154745","No"
"0x5592e2e200ea9435c840d53fcc60ab5f78574fc9","1089.378329615","No"
"0x562fbf580a5d54cb5e4d4c9609ac6cdab101e719","255.886447814","No"
"0x56497c25eab07b3857f3380cc5157e61967a57e6","1206.386227094","No"
"0x5666b4558b0935a1506e6d345f6f10824e969b59","530.122324339","No"
"0x56f0f716ce95acb065669a38c4e82555f3963a57","23.653636783","No"
"0x57123a6bd9a07dbd88ad42083194e177ff03d84e","291.674224402","No"
"0x578d825ffcb3131ac35e21d085e97f36ccf441d3","643.315458096","No"
"0x57a1e5c109e8dfe62e89cebacc0292659efac083","2331.5776","No"
"0x57dcdedb2528f85f4f6845e6f5e9030022724114","2000","No"
"0x586560f32dd26875db7d74ca8e605e4298d6853b","388.541515756","No"
"0x586fa4c71c732ff525e04a0adf01f68e85eae012","828.006810593","No"
"0x58739fb7c39f353db92a4d20e67e9436e8b82bb6","10002.08","No"
"0x58ee347da74d5200d9a4e050eeb3d406c1d99cd0","4232.8","No"
"0x58f240ef3811130b528d986862fc200b7e94090e","382.152827727","No"
"0x596a1128b68e588a7a2c0120fee5bdfe888eb80e","1015.771517111","No"
"0x599779cacd4c2aa26e4d1ce8abd6e709cbcc35b6","88","No"
"0x5a15ea9dcd1f32791af0e4c4b31197df4b4855b3","58634.048414138","No"
"0x5a9b058376e5dee9b00801f1b52e541818c39dc9","7918.733274134","No"
"0x5ac6d5c788cf60a2c506ed28ee8e0c1ab4864066","880","No"
"0x5b1f830bec76250656cdcdd14cfc653206618538","184.186206425","No"
"0x5b39200e0fd497c4205a3d0546d6942b5a57f6a2","2241.975751653","No"
"0x5b87b6e149fdc19916003391a9f7202373353d85","0.88","No"
"0x5c1d5d475bf8a2ff0bf10bb5bc34a4c5f438a131","37.631397746","No"
"0x5ca0eb75c2420865a10ed1b678b9d0160bd9efb2","803.386238558","No"
"0x5cadb2cdb7d6012abc88ad28ddadf828c4018fe0","5857.456","No"
"0x5cae34ae58ecc2d67514efcf9e633f8ad31ce438","144.915130565","No"
"0x5cbe2f43d80956bd763f0721ee1674eb51307992","1760","No"
"0x5d49395ec828fff0930b406fd7e07a6496eed426","176","No"
"0x5d49a9ba6c51018c13bae72d5abe676011eb8870","17454.812244474","No"
"0x5d55fee6d64b8d4beff19f2b1deebd3dfafb98f3","193.014902943","No"
"0x5dd9c93ca6b3044409f48df39422b6ade3b37610","1161.169610742","No"
"0x5e379a25d28dafd37afed824880693b9e3c1ade4","100.709175165","No"
"0x5e457a1caaefe89d5b7f10e4a2858730f3177174","1162.48","No"
"0x5e45d747662636c3dfe3041ab6ad67dbc0e9eaf9","924","No"
"0x5e83afbe40cfff9b10e8185ec9935c3199f89e36","235.84","No"
"0x5eacf05e2087842b7b3e7592b190f6593674a0c1","552.284111273","No"
"0x5ebdee0d4c0d10d788905a21ee5ad781f03dabe8","133.49473685","No"
"0x5f45e01ed2e232bd354f5163b30ce7e1d3b4a965","15094.466537865","No"
"0x5f4799f4c43afbcdddd2574142b8a41a36ff4836","327.069345763","No"
"0x5fa314f78899edc0fb301a8b183048b0c3f10616","41.790009125","No"
"0x5fb277bfc8f4b581fb68fd4255bf5d1031577f52","1144","No"
"0x60334b3d1431225ddb02be37e6a1f0c68dc6a646","9331.675423965","No"
"0x60a94fdcf16f6fb7ec39146f79834c2d5771b5ca","696.9512","No"
"0x60b37360820631fe44646a51a378714bc6d4e3f1","4073.551838399","No"
"0x60b75180e2f4721d7fcd1836cd2f3f0fb4a60ddb","2947.648","No"
"0x60d3655cabe021ecba0bab2c8300e7beb5c1ed7c","11732.458201279","No"
"0x61031212f67b8f2cdfb2d1180b9cf664965c5118","3599.1208","No"
"0x61178573e2b48dc5b41fd9ee42573136ca02a29e","1056","No"
"0x6164acb07a36f45c22a9051dee985027d11e7199","1069.470962427","No"
"0x61688a0fcd0caca913a1c2ab1241f08357f48832","1760","No"
"0x627c0b22234a955f393749fa4e71a45cb43f0642","862.847871176","No"
"0x62c107ef172fcf6c8eddd1f36c852dc313037f59","396","No"
"0x631da9e64f57b4c734b38c8e3ec770f735c4d54d","429.553072763","No"
"0x6322599b8486f1edca9bd0093129c7458730af91","8800","No"
"0x633c0884b5484cd1ad5ff57765150e84081221f6","1056","No"
"0x641274dc27546e68df923b8ddf295a37dd4ef1f6","12091.511246482","No"
"0x6471f85297919b977ee92380bf99091f9b324e63","1917.500803658","No"
"0x64bfe86981dcff270ef6631aa94dc7d325d144d3","1354.711435427","No"
"0x651087a9b14b31675d4de33aebf190a027a26a19","251.917561346","No"
"0x652cf134e8f9f4883e661ce9e352b9ff9c12b9d6","126.644095392","No"
"0x65d6fff1e050d7c3ad90a65da0725228e6142dda","2640","No"
"0x664e3762e34eba3f647f187b844dbd911596b2c2","2198.348308049","No"
"0x667ea50985f10dbfad27802000bfea10e88daecb","0.102469549","No"
"0x66a5cd591fd892db4085479a64aa028cb1256a24","176","No"
"0x66d618738460703fde7f8cd483626a5ac1b60add","4570.626861798","No"
"0x672aa3b082a1d5217d8102e9bc81c702e8e71036","52.8","No"
"0x6736779a3a6d44e0fcc013445c13362dbd4a9ed6","120.985264217","No"
"0x67b336d078bf3a5f269efef9fe0eea3444b32a87","2987.540753175","No"
"0x681e5ff8191f1dc63484c88f7dc426f60a6195f4","19731.87081705","No"
"0x681e9dfc3a82882ccd802d79cb7cb66acb8703ca","4858.342940863","No"
"0x682c9e169c59cb09bf3df8beeb22b8ebd0704a82","502.93056","No"
"0x6837e3d4be243a96eca296433fd05e9e6a0063ac","12003.606761812","No"
"0x686263e7773ddfe7c36f94d4562015ecea20c217","42330.759165993","No"
"0x68683110147ea62f9c0d86bb17432d3b0770b7d4","774.4","No"
"0x686fb5adc94b5b1744c10a7d0a7d43ff47f2cd36","172.48","No"
"0x687a8e0f69e767b61efbbde9a112fc3dd6e506b3","982.148529198","No"
"0x68c07c37827778e77e76f9f8c606c2337fef99ff","645.04","No"
"0x68ca0d91eccf454ab0f9ec077b57956301b1ed2d","1.0904","No"
"0x68cd42a5dc695912d543df7359fae5fee96484b4","132.661283978","No"
"0x6935dbfe9d459bf16d0ae69cc421863c72d08106","360.316","No"
"0x693d782489154a8371be4a6ae48cd484d2ce6455","1529.117185809","No"
"0x697fd6f598c70f547d17b99373a6e5ecac4bf996","44","No"
"0x6983a252d5645cd85a5e3dce50156d386329ad6e","393.41849122","No"
"0x69ea7552df0ae9e5dbfebf8e9ab7f6221aa09d08","320.36414866","No"
"0x6a2a751d96010fd9bc3c241975cd8d965d653a94","4400","No"
"0x6a36fb861f60ae8b8a541c66ebdec506c20eefb5","137.078680017","No"
"0x6aa71850cad1a30cfedb48404f19ecbc1b4d9a92","9332.4","No"
"0x6ae14cc103bedf054b53c93375ef28740264665f","17641.46824","No"
"0x6b13e3aa3ef761072e3c665e8d3d237d8bca9ac7","472.56","No"
"0x6b2bc69d49698a4b5f5b277037efc940cf28e2bd","114.438653745","No"
"0x6b5e31fd7da41e34d6ddf399f5ae6233b3ee75eb","537.68","No"
"0x6b6f5508b6baeb9a3aa345d7219be25d552e2f30","38167.36","No"
"0x6b8824aa4fe1b7617748f99fccfb0dde7adccfaf","3252.490462717","No"
"0x6bd5938b11f329b5b34720715e2488b8d2ec1cba","1456.122996871","No"
"0x6c4230b0612ae92346cb3871af58aad22f6acec9","96.8","No"
"0x6c9c823761eb7fe46c33a8f0d6b01cdbbe53f12b","2725.249618879","No"
"0x6cd021a6668f2170740ecbc8b9aba2141d88395c","0.036245969","No"
"0x6d390fbbbd6d1d25c7f7cee4bf73db0a6d4184ad","145.654146982","No"
"0x6d8f62868510bbcee6f17166802a2e8d0f4d6bbf","2.6752","No"
"0x6db080935a405cc93c3487170b3a468a99eab2a9","2337.100511753","No"
"0x6db7555953a29f1e2405bab39154a9b3cca7ca56","892.383309614","No"
"0x6e1e9fad195eb47ca200d43eaa089669e3f18bb7","1127.28","No"
"0x6e4487807daf0b3379d89d84d04c73482b987514","8.8","No"
"0x6e608ce033750bd087ce3944458ca91459e9d053","1283.67257481","No"
"0x6e64df2f05871e178dddf2a490084d23586e29a4","32784.252159264","No"
"0x6e7c70829c9f5c59c71c006c338c20812e4682ef","184.961852859","No"
"0x6e8b7370f1cbf86e01ff93174ac9725d391d91fa","2484.291761167","No"
"0x6efc2e284b7a786cb95df5a3f48e2b2650ea081a","1.34E-05","No"
"0x6f74393323dc791428a0b85e96a38a554333844d","3643.505085543","No"
"0x6f88c97a6a835fcdde569621da3f42097a1c782e","88","No"
"0x6f92ef9c248ebde6df47781436aec60f1e73144c","2403.05717731","No"
"0x6fcf105bcd6a2108302eed0b887f97c027087b27","96.124044913","No"
"0x702b34b2a1bd78f5be263f78915ce7c8bc94dc63","209.166332567","No"
"0x7096bee0679bdfa75487dbd80285ef13b5151a8c","1494.592091619","No"
"0x70abed8e895d4bcad4d39100e6097fc2e1a6f93f","719.172135915","No"
"0x71001aeede37a30c3b4951164cae27f964c160e3","7883.002974015","No"
"0x718426eca9d53864c3601df68174b9e0ae77f9bf","44","No"
"0x71b7680224ebe99bc9d67e15f34ffbe4426b80cb","2905.615399064","No"
"0x71f8c34a342e9b087cea808df09185214e6bc741","8008","No"
"0x71fe8b3a2f6bf9f1f072f5abc63d0314e53db76f","8373.437254298","No"
"0x7211a6702c2fec9b36e8228f2339325a42b7089f","88","No"
"0x723c12495492537607db7354d564f696fe92de1b","8.8","No"
"0x725da81cf4f83451e87003f671a7faeb86b7b22d","4675.44","No"
"0x7264184d93c3297bd52a8f186863d493654eeea9","4537.28","No"
"0x72742c6333e8d2d4c0d6afa37b0c670271eac7e6","176","No"
"0x7293597dab01cf12f5038e5ebe12f21d79c06b88","1078.837181493","No"
"0x72acf029e7506229158bf08714042ff270818c98","393.743845066","No"
"0x72ed929fd721f8a19419730a4655c6fa4aba3e51","22","No"
"0x730b7827c372b36717626d55ed6a6a219c42e40e","20000","No"
"0x738be5089ba43d5d1070a9fad57c0a616c0dbde1","3490.014997736","No"
"0x73a59a119901c58298f7ef9d8e672dbc6d6f4cd5","61.6","No"
"0x73d9e6df2d1349b43603efb3a0e0c737215d733f","315.92","No"
"0x73f708336844458a01d9baa09290502bc3f4dddb","141.613347743","No"
"0x7400200ffa14d0ba72e1a7dff4cdb433f3f3c778","788.817584281","No"
"0x74214963c436b5cfc4a5c59c657e2029e54b5620","92.90662887","No"
"0x742ba502df2d3abd2ee49e654ffddce0375de147","264","No"
"0x744542871cf32c873dfa4de26abceb31ce7c0963","276.771460025","No"
"0x74608a470fd9435019d8c390fca53678197d51d9","3157.44","No"
"0x74623d272e1465f027a5b70c7c20f07d83513662","6085.854182651","No"
"0x749d6cd431e98e8e6ae88717ada4b141929ebcbe","440","No"
"0x74bc3e52f9b99cb6263486ae31d13548382adcba","7003.2248","No"
"0x74c133ee95c5633f2c6a35ed06f3af6ee39976b0","2388.090529984","No"
"0x74ca47fe5306ae0cc000341fbc43441b70616afc","0.88","No"
"0x753191be8f747209e356698b50c81718749f567a","3941.548859944","No"
"0x75b97eb7e52a2953083f80c05dd08663dcfc077b","1051.845733132","No"
"0x76002bfa950ed2223e2405fc25134f7025581fb8","169.249917616","No"
"0x7679f2a584bf03fe2bd9d6b7f9d7a8a6fbab7d6c","0.49426711","No"
"0x76a996d39a738cf139e7912027f1003ce35912cf","753.28","No"
"0x772c87d43db9a82e394875a68daa99379cc30105","10144.883130968","No"
"0x7767cb340c05075e9bdbdaf07490b200b09b307e","491.123058533","No"
"0x77b0ce6b7d19701e25c802c80dfdb2b6a3c0b257","3509.332023703","No"
"0x77bba2f7f7194764807019f389e28ab142732867","880","No"
"0x77de7aac986cd6e58ed3e056eea1348c1eaf1f10","3179.525264563","No"
"0x77dfff25fec3c1220cfae43a7d8c7582288e046e","880","No"
"0x784cc9286a1c9d0fd4c1fc560b849bcd68fc0a4a","872.998464768","No"
"0x78611cfb5dbf613ed05c32954260b612cd560856","5319.6","No"
"0x789962de5403b4115da03a3404ec6b18775bc4d5","234.02984","No"
"0x78b48533ef7748832c330f12311a131b8164ddee","1.76","No"
"0x78c72d30dfbe0aeff19c4e0adf2368ffe03f9149","511.676348466","No"
"0x78d4934e3316649e8a50edf8746ee9716fb9856d","664.33024518","No"
"0x78fffe201293d02373bbc086a2a7cd4a7281011a","684.444444444","No"
"0x7914ea75683d40cdb7e034a6f331a4d52d9eb438","0.58824","No"
"0x7997c5d5cbb49084e8684ca594b281dc66b3cc1f","14960","No"
"0x7a13947a75db17f026d4b82ece57ea698b3b5119","2056.56","No"
"0x7a37687033843a482e01da0c003abe93e1956eaa","85.278761631","No"
"0x7a66e8982e89bb68775e1268bdded5288b07f831","1819.356","No"
"0x7ac5224cf8a426c2690539c624e5ffd1fe5df26c","3822.18995302","No"
"0x7b367cf9826b3a2e2a902bb203843e0b3166f082","4620.942502844","No"
"0x7b40491bd4c15f77b53837089f7f5079567978cb","4141.858250523","No"
"0x7b507c664a6709e471917aa7b8cf880f294fa473","1487.2","No"
"0x7b6974b6fde3d51a7cc22791cabc5e0d181afb9e","2545.395159093","No"
"0x7b922464685d812aab9fc33848b1e221e8244fd5","1910.879661779","No"
"0x7ba40de01c82795ba998c08ac75f14011563f23d","970.64","No"
"0x7bdb69c72f6ff93c7e33305b8dedc15fa7cabdcd","123.131806813","No"
"0x7c24f63d957090abd2519f965657f8e7135d0ce9","264.76472","No"
"0x7c67c695a3a7e7947efab0668dac4d9a6fd6abcd","607.2","No"
"0x7c7f09c3a0a5cffec03a907bdace6cafa03c1e0b","0.9768","No"
"0x7cec51a6c32b8dbbf523d1b1e3724cc946c95711","31.709756102","No"
"0x7cf0f9e5206c9bafb438ff88d722d43b2167c595","1680.8088","No"
"0x7d14b07d0e140b55f3ca722d1d05f022babf8b36","62.874228856","No"
"0x7d17d4a039fd767edd9f45192d72f128e6f3ea3b","404.099848015","No"
"0x7ed2950df2f627d23a45c21cb1126c6012c74969","1097.539560077","No"
"0x7f577ae79bb9b5a87ac399a798df11e249921f2d","4234.458268583","No"
"0x7f9fb20fad78fa8d5d4bbb201c3b2c27be0b5b93","889.68","No"
"0x7fbf4b3bfa68a0d938c0a3eedeb2b911f5629988","1069.450815008","No"
"0x7fd0ccfc3cedc61534aba9df0a54d0ff37ffc4e4","71.476179895","No"
"0x7fe2e639a0b306d7bb58061a6b0fcae2ba0cb869","35.2","No"
"0x8020e1db349bcd228229f496deb9485c7d265acb","288.524778776","No"
"0x8029a1add8be6c5ef0dc77e1504d65cad3cca1e1","1340.305604916","No"
"0x803755e1d8cabbfec230510fb53cf905612737ef","880","No"
"0x807a8de311b6cf70253c3a751c698edde9c7f13a","943.45489622","No"
"0x8087d0d3d041b1802d5697127bd619b89819acb5","8776.607429315","No"
"0x808874141f1ed3abd3ec2fbcbc830daba53fcfeb","174.24","No"
"0x80c907a4e194f93ed5b57f322a893276bf45e4b2","264","No"
"0x80d0287a249cf5cdd1ab7871b14d57ac96b33cb5","225.256807307","No"
"0x80f27c6da6fc491e79ddb1c3eed1ba4bdd7e32a1","0.2","No"
"0x80faee70322ea312de527875f7a606c020096cd7","1707.2","No"
"0x816fb0d0157abdd0231e83d0fd7d544db3c6a392","900.508626624","No"
"0x8202938836c0ec35eb4034aa7313ac8dde4e2819","572","No"
"0x82ad75329cf1743bce3f22083f56c3f1c7305d30","51068.16517993","No"
"0x82b960b5ec06a64d7afd77d04df08eedcb133fe4","176","No"
"0x82f37ac965c725880199e9a2c5f1ce0d53a9d8c8","979.226152981","No"
"0x82f91e014f347dff64c73b1498813874332433f7","0.0088","No"
"0x83036eed1cdefc84a71e4812afdad7ea9e587abb","207.676823045","No"
"0x83b741c9d69eca28e00c576514e095248fffaf64","88","No"
"0x83b7c9b86074e36597ce54f332a5bf9961cb6022","26.4","No"
"0x83d3ac359d5d24b8e82b07a50a7080f586c54a41","528","No"
"0x8405778f8d31a2eb745a6ad38ac2678e1e5e8834","279.599893442","No"
"0x8458fb61f9696b0a5891fadbd90fc88a54bc5d18","2387.668699504","No"
"0x8485eeb09a6ca0c001fe07299ec781050bad225c","176","No"
"0x8499850d1a4464fbb99db221e6287aa7be8c93c8","882.468783519","No"
"0x849bca745e9f8e0c7dd58d553d05d4c5ad280e46","442.208117352","No"
"0x84e1eeaddb986ef6fdf9c0cddfc333a22b180dc5","2640","No"
"0x851a085bc2a08ac3856df555cca52e0e526ccb49","1101.021963914","No"
"0x852f14511ffc0bde43eca485752e0ec4fd1313cb","2720.390081061","No"
"0x85cf8b01cd2a2d7d71540d87b5e114db7b8b3b89","44","No"
"0x865a3636f854bb60257d593affba3302c29e3c58","90.190952993","No"
"0x86911bf0024db94b707be4906a82fcfc85ccd733","159.29915816","No"
"0x8704ee974fd8cb61d68170ee6d2d5120c595c955","337.36811518","No"
"0x873d696032d22602e8fc50c37421f32c334de31f","598.431833805","No"
"0x8787efca3bbd768c0a2a1badd556322c36df44e1","79.2","No"
"0x87fdbc678676bbf804634746482988f06909b2d8","9411.051017611","No"
"0x8848e55f6d96c203102d4e9bbd5352e1175f38bb","8295.672436417","No"
"0x8850ebcccf5d2ca170e8d341a07e4c76cb8dbfe9","503.07048","No"
"0x885b6701cd89e85971e9de3192a573cf957857a1","11673.2","No"
"0x88747292479140b3e5d417e7d0067c5f54a35720","1060.885565903","No"
"0x88c1a3960df22cb17fa0c6ee093f4242b6441088","462.417524453","No"
"0x88d0743bf6191cec7f8410471355c2504d58d690","1885.779921811","No"
"0x88fbeb2a0ff887a4178e9706d306e6e50173005f","2713.196223015","No"
"0x891ee447332560fcac0b6313e359332bee4f50b2","481.18797454","No"
"0x8afe3897d1e2c2e4708cd52537cb9e914acc649f","88","No"
"0x8b5ad84c463fa50163ef89c7bbfb374df931fb1b","829067.024878982","No"
"0x8b5e5e97073252298246bfde4a9905a22b3a9586","1760","No"
"0x8b73b4d588c26a9f3aef63ef30102237caffdae0","289.752321144","No"
"0x8b8246b0d97ff677b66829f49c5833f3b6e8b72b","1081.022430186","No"
"0x8c0654def5e7952b37cb11f4fb66f1d3af3617df","16494.620105165","No"
"0x8c201a0bb21c665db99c73f93c78a70e6c49f06c","207.651736144","No"
"0x8c239a04c88903b91661698644021bbd7bbfc08a","1338.513775164","No"
"0x8c98894cb4458eadccf371fee0edd5e3105633ea","975.993126917","No"
"0x8e6c07884d44b6d299fa73f2353624fd3fdaa21a","356.03128","No"
"0x8e6d281f4c73d35dae8a9c70da304740773cda82","923.447262704","No"
"0x8ecebda1ecce5a362107063ac703f8966b39b666","207.68","No"
"0x8fa118787faa6910fec8f0120af6c05f8b340243","98.760997781","No"
"0x8fa6f0fe71fc2535c639c4557031a2b7433ae32a","2381.468685621","No"
"0x8fbc36d70f9c8afeed3a9e0caf4dd6df6ad43c9e","341.503341898","No"
"0x8fe13eaad1dcb5be20a498ba69114f1cdf498e81","15297.850631905","No"
"0x9041521851d443cbe40913e7701ad029a8782017","2687.787238107","No"
"0x90d05fc54a1a3d281a5159c6f00997c897cc61fd","3239.87091656","No"
"0x912bbc3cceae9b7874b570d1ea62ecfec2e7290e","8807.382334749","No"
"0x9135fd019fc6b99e4a7efae09617b6a75e7066bc","108.718964217","No"
"0x916f7d2cd10cad2a883f1b0cbf418a1da8c2f35b","3520","No"
"0x91d3b8faae4000bff7cd8b1807cd4649e1e17d28","950.671386428","No"
"0x921953ec9194c3b23eddec00a6575cf91fd4d1d0","2156.6512","No"
"0x9266dbe43b6cf9b7553a084c07a1e9bfc17c62e9","246.4","No"
"0x92a6821fb066040c6eb0dd11f7b56835786c5983","491.011543277","No"
"0x9357604f48c3202f098dfcbefb54c64d2b49dfe9","173308.702577451","No"
"0x9368c9ac5a3498807957186a937296fc06560591","497.2","No"
"0x93cf4ece29971441ced915ef4196443175b6e793","838.64","No"
"0x93d45b07317d6c4da0b350f5f0b520ace7bf5ea4","158885.84676506","No"
"0x93da1e05af14fb23bef7899332d92fe223269507","8800","No"
"0x9419aa01adb87af5b32ab1326ac7b41e9e316437","679.10568","No"
"0x94eebebf300d58e80f1c6ac9cf702d15a4248e3a","9072.541455419","No"
"0x955d6e4733566e42a8ee7511e659a3ef5b129f37","184.755202472","No"
"0x95ce2716ecac3e279ec7fb9d9e5c46defc9f1881","0.2788","No"
"0x95d222185449f8451302e4f3e91ae4beccc6d49b","0.76","No"
"0x95f3bb7927caf725f7ce169ba9ce38b62918d305","2310.654680232","No"
"0x95f573eb1e678216c042167fc15e01c2f7726576","482.313927864","No"
"0x967bb6d7707f238c809a9b40b41becc4b1ac83d1","0.02939778","No"
"0x96c195f6643a3d797cb90cb6ba0ae2776d51b5f3","154.194603645","No"
"0x96c1f5356b3414d8bd73f03af6905851bc484486","653.476276396","No"
"0x96d1284b815e8ad5ff71518e8912e09401c599f9","493.191333162","No"
"0x9702656837179069f55020a48e803328cc7ae2a9","1299.090046505","No"
"0x97188c395ff2420ab145a8c7e107dca8f568a0f9","1902.50963724","No"
"0x97892abd1081546c285baddd5dd30d62066b973b","1760","No"
"0x97b219c7b1455d1b492a7ae3f3382b76a58199cb","228.884876533","No"
"0x9817a35a8e14b96f212f8111af4f4b7848100148","105.6","No"
"0x9848ac8b8dd74921c6a1b3a6382e914947fcfbe6","1581.20515039","No"
"0x9852272f758ed125edcdfd5e156d959a9508e41d","4403.728288179","No"
"0x99032f5114b694df422e471877d9f1d209214603","7222.16","No"
"0x99127d14e278f723ab95202e45a88d1a6af35ef2","6284.799749639","No"
"0x9958ee021cb6380f110e52755d8d05e81ceb75bd","8800","No"
"0x99834183771c5c3533d4587ca1cdb43f8a4705fc","9680","No"
"0x99f04957503c48545691986bf522a33c46e4cea9","406.594360005","No"
"0x9a0ca6bc0cde899f7bfeec7ef568adb34f9634f5","1540","No"
"0x9a2791c7a8a86dfebc703d60b70e006d54759baa","168.08","No"
"0x9a334788bad07b9b18964ba701ec0a5e19fd3058","1108.018854764","No"
"0x9a3c823ddaf95132596061cbd44db4ebb5078042","2105.770237584","No"
"0x9aaa2ccef997d12525de5c533fd930fff4618891","279.028475795","No"
"0x9ac17dad6be0d49e6edea2ae1131298d920067f9","236.630664121","No"
"0x9b01628a70626eebe895944deb91e3a5d005cf92","0.048","No"
"0x9b1c77ea51495ca8c78674df5702df3f8396df4c","570.322226089","No"
"0x9b335f1560a4420a87d628de85da3a68ac7a566c","440","No"
"0x9b656a1c3fc0a92a2d4b3297afbad017325de4ff","2955.04","No"
"0x9bb5becafddb1b66bdc2896f305e8676787fe5e3","19538.654728811","No"
"0x9be2fe06e9b7530b36675407476db3d4bb72de3f","2640","No"
"0x9be32a385578b37f26fc26dc208aa8c91e2e9e90","13262.782634519","No"
"0x9be9ae0613e38ed0fe3860e4af35aca913c3d427","1013.627039096","No"
"0x9c2b43a95de97eba51c776a80a381194b6a6377a","5456.154310348","No"
"0x9c46e043334842c8769503b056182f5a80592cf3","127.887035756","No"
"0x9c61b306b786f432b3a600e7832d9566277f8f55","1698.717341823","No"
"0x9c9d139981ee626dd9c54d42a45ab15c05cca63f","25277.508516588","No"
"0x9d2248d4a414e13437e24a9886057d4cf6e9bfa4","3661.094516469","No"
"0x9d31474d0f38c8cbffd28ca97505c5b402aeb74a","237.726086434","No"
"0x9d45a8ffa6730f90e99b1ae7bac9ed305a3adcd0","396","No"
"0x9d5d2c6f36748da72723526b8f778fcbe6a16e60","1980","No"
"0x9dc9172b804b7380ba54d001316d913cc76bd423","880","No"
"0x9e031ab4c0f6e9d4f9d1748abaab3142b938416a","137.090277377","No"
"0x9e12c6fa2b7ba6648e6159cdbe55b12b6e27d78d","197.223681181","No"
"0x9f205fafd8b499d536d1d9886bce55c3a73d6892","1874.688294144","No"
"0x9f2e6ef80cec8cfb84b450e55cca0d73ce097c93","7301.36","No"
"0x9f98cdcb96446dcedb4100ef51f485be6028812a","8622.298222794","No"
"0x9fa1d50dcf9432f0c87084f5c3d2729b839c12b3","418","No"
"0xa049d1a92525df296b845ca84e3cd403560b1b33","1028.2272","No"
"0xa05d1853a0cd921002b74d66b7e5125dd04e343b","1582.768","No"
"0xa08bc4f5cad5be67a6b0738bf6099eb4c5d751e0","14369.344","No"
"0xa109f72a062eb2a2d568b83509b0c03fc16ae6c3","5136.4016","No"
"0xa149f8bf418d9b130e5418a6d0fddc15f382cf91","2951.448737587","No"
"0xa1947af3627aabe286c18e6f05a2ef5d395f0b1e","3994.313802556","No"
"0xa1f8ba76fdb0d8831ddf7c30662df4db18591143","1603.665509491","No"
"0xa278483b803272ba0ef19f5b960fdc3f7fb4fe9c","276.601537576","No"
"0xa3218ea6d319ae803a5626e8d90ee37fdba19cd1","1760","No"
"0xa3cd66f12e6a7bcd897591953e5c6fcf608a4c00","10554.16143311","No"
"0xa4515c7cd1a6e063de93f4a3c089ad7fcd707053","48613.312112622","No"
"0xa4be7763c7113988da244315f766aca013a4ef8b","499.778970588","No"
"0xa4ebdc759cee67d1def26a08ea34789c72db7dc6","2449.04","No"
"0xa5053c17ab57e8b9df30f540206dc8564e1d34e8","1760","No"
"0xa51b9fcac921e43376f362642a6502d09f4be21f","0.695532601","No"
"0xa53acec04f2c3b50190811ce948c009ccf7a634b","3520","No"
"0xa55c15492b264584fc9d2ad2e51fd718a4dcd5c7","3771.203061253","No"
"0xa57dbf5708f3fcffcfc3f69f6bc0e2f969908717","2129.184586596","No"
"0xa5d0dfe12052488a4d637ea2eef53a7d83f9f13e","679.870749072","No"
"0xa629acc383e8a2e7f7f9a6959f28bf734a5f5800","1073.956596747","No"
"0xa6343dad5aba4a4f2522628473b5c2d574e0f6c1","1846.10689041","No"
"0xa66c816a1c34741393777b3efe8a10a0e3bf015b","116.338346211","No"
"0xa6a98a09f53a074926242009e90290013a44b7a4","880","No"
"0xa6d58c2a21cdc5edb84bd6f1727f061f557a4a7e","4796.88","No"
"0xa7c6566d9a51f2b29aa2014a4720fbeff85ed379","440","No"
"0xa7fb3c29fe407c19068c690ccb703adceff69bb9","9463.914340624","No"
"0xa823a01164588cabe98727972632deda595ab784","1452","No"
"0xa86b1e00c14bc090fddb01168e023a0e7a128b00","77.867394942","No"
"0xa894dc2563fc31e0c7eea877c6c47d39eb0fb272","40.48","No"
"0xa8db06967e38f3576e85c55414ac55a22f767f3c","888.264072651","No"
"0xa9089056ab6ed345445c157c3d131fc48b848415","3997.775287599","No"
"0xa94ac4c5df60e867d871df1575b7542319666ab8","1749.318546422","No"
"0xa9881ee90390984a2476ef62e149310651c44d99","668.8","No"
"0xa99c18c8f241b3e62c4ba5c5c2fe1ef785ffab15","1633.453005522","No"
"0xa9de0431463795d485d88d9bda19fcd07a956bd8","179.100917717","No"
"0xaa19bc1093ec1f2deb40ba38f8f75d9a58b9a4e6","309.854336949","No"
"0xaa2d75b4cf8c24d8247f522ec0a4b14674b92ac5","14080","No"
"0xaa4c3c9c91eebdf478d8c6cb94edb00fd8198bd6","357.931222762","No"
"0xaa5fc5ed74f1b2f78f568adc7b094ef731df1e00","660","No"
"0xaa8fb3b045a965523287de7c11fb376c1f11c337","14.552496596","No"
"0xaa998d527e6b27b074fd81b501a8a3c1a2225eef","3603.6968","No"
"0xaabf8a34005be0776326e5b0c739fc1e83fe6539","5000","No"
"0xaac6147b336f6253f036271b09ada1cf3b098946","36.96","No"
"0xaae7d73a8f09e2380de3c697ae4873c85d8c3002","157.234496881","No"
"0xab081f3df878598facf21741e4c14f8875991c41","847.796124322","No"
"0xab490b8ef45dad0371805abc37037be80dca8a85","300.08","No"
"0xaba6ef8f8aaa7ad545ffb507bdc7e1e48f4ee6e5","300.08","No"
"0xac1201af61921320846ae4c430a22f1e97728f42","1983.788042314","No"
"0xac5cd0260db92064962fc5d9e733b2a28e0ffb16","107.927985571","No"
"0xac8ea39d9fea940332698d74c306d978060a50ab","352","No"
"0xaca05f5f0815ab11064578c892258f8d517c1113","114.507602047","No"
"0xad014872e56cd7facd420e49d28f8dd9450b4e04","84.358799033","No"
"0xad5991ea5ded8714b8e68aca43b68629e4904bdd","216.832","No"
"0xad7cd807fc07f1753d657c2647d7970f6b9eb96b","5759.42683003","No"
"0xade3acc944a8c4d755e8a6bdeaf971e9873390aa","44","No"
"0xae092aa3973d175e936a0f24d12e54fc05adf997","2391.464096591","No"
"0xae923173f63e91969067e6ba801141ef22ebec27","855.116306696","No"
"0xaf084252945b6a71a7ef5579c187de9c436041d5","80526.886107937","No"
"0xaf15991d81a2bf51e3d2ebcd9631432a3820963c","880","No"
"0xaf339cab83d23cc6d16e0ba77beb743e5b9e116b","180.928","No"
"0xaf82a6763807ac76fce65317f09b4563fbe69274","4152.8784","No"
"0xaf93be33927619e662e3fc4c87ca95c651d28b9c","100.044050514","No"
"0xaff0f99f6b07b03fe992199eeafc4b78a56f56c3","201.229660621","No"
"0xaffb24084d2ba360ba41a0128e876e65a745301c","8313.052423535","No"
"0xb00b5bc4a2840c0e2cf5497aba9f518e37655377","925.980791552","No"
"0xb0803185fedfbecf72dadfa6f7e04ca90d938404","48.068125827","No"
"0xb0a6b37fb0e4d1789eca2e886533559fe8146911","79.2","No"
"0xb0e83cd4558fbc52493ed031f63be0152ed73716","1450","No"
"0xb17fcb82208a2265752819bd886f9c17e7719051","0.483441666","No"
"0xb1a14079e6b1a17987a795305688464f0c55bd3f","962.152594321","No"
"0xb224e160df182a54cb72eca3a65cee618d488071","3550.863827926","No"
"0xb2661690b5bd21366adc7b464ae63b3450fd6600","494.268326267","No"
"0xb29049664f9abb03213bef37cc603f7a48848017","70.4","No"
"0xb2a51b9ac10ed3e601d7c3d2b271fb2d8ec42311","1071.048","No"
"0xb3065f06c8b6d4dde72e7cd35f1d6cdde0bf2de1","352","No"
"0xb34755eaf6df624d8fef7f70c77708cd964127ad","1591.10812269","No"
"0xb3732d1ba92fb1ac86c5387e1f396a1f056d632c","132","No"
"0xb3761c01c102aa275764a46aac76647f075362fa","3741.88094899","No"
"0xb3d8ee780421f8d3c5b5c2509047264d4c1ed3a6","2039.84","No"
"0xb4322813d5b636c801271ee8aad953a2636d4f7d","2492.631243667","No"
"0xb45813131f3ee35744a129ed2f46629825e1e657","91.51057718","No"
"0xb48d58b265969cd7059f304ddae64b31a4a124d8","29.674035402","No"
"0xb492c22d58f252c38452ffc9bbd729fa8bbee783","2929.396375721","No"
"0xb4c585be89824abf4810f89aa6f7798e5640c1f5","25048.19008862","No"
"0xb518259706ce4e5b41d833ad7776bbb318ee4ded","1576.08","No"
"0xb51be213d61546e98653c079920a4cf69ae61249","64224.94565703","No"
"0xb551a9cfcebd630bd682994d78599a40c4a84aa1","3352.796154437","No"
"0xb564177bccdba2f8d09e04e955e15fc828faa219","1885.321186483","No"
"0xb572c38c4b826548c530c576ccd3c90e37dbcbe8","440","No"
"0xb59e2913a3b6fb728ef20bc715e967daedd43aab","132","No"
"0xb6029f64da9b1d8d5905684ff0907416236c418b","264.940362141","No"
"0xb63dff25a7824254d8da565d51f107962adc6e24","798.080462535","No"
"0xb654c42e33486bf569b7dc6c83cefb848f80c56d","1215.073252305","No"
"0xb6587d599f5679d3bc08b12c2ae4704f516bc974","195.09072","No"
"0xb6cfe8f4449e9767b95caa7f0eaac57adb2979b6","7586.329425993","No"
"0xb71756b3b4b254e321a69ea309b122cdf9966376","230.957816154","No"
"0xb734980b5f178dccc9f0d52b444fcafc1be47611","254.82701269","No"
"0xb78af34389c13d38a4789ec4c79e19b2e3e868c3","461.943776235","No"
"0xb7d0335b66cbefdbde2dc18f76d250221fa67edc","264","No"
"0xb7d7ef79947dd378200a07b822057a0e04c21b09","22141.48728958","No"
"0xb7ea9929e8cec6f4cf8a3d2697972f291e69e22e","1634.268139882","No"
"0xb8170d3ffaf4d284bc2c3c2fecf9ac9038b85d98","4095268.06110128","No"
"0xb880dca6116d70e1de4dadf10c28bfc1e3a73966","2288","No"
"0xb8ac0a001b494e432340854b3096e0e58f05b17f","2172.918634011","No"
"0xb8ead410f0b7584225d25813700cbcc6672b5457","4400","No"
"0xb91b0b02cf84a74e9133fe17d8e38ea71ac67665","193.939647463","No"
"0xb92fa0008a95e66c9220e7de440f31a7e3d50e32","99.23750132","No"
"0xb946c003bb2f6a12b8ab034c36988253d5d5fb92","103.700491497","No"
"0xb959897ac258b39c471eee2bdf9633de6d99cf14","18480","No"
"0xb9b856228eb11dbd1438f30e1ee78a6b63b12965","210.99339823","No"
"0xb9c4df1907b8a6be0eaea687a14401a54ec6612b","1065.55768","No"
"0xb9c8bda8eb3f0c86e378e805da514ddb98d7366e","5048.474996706","No"
"0xb9f668dfe79b7e02be85018847c00f866ef1debb","5329.815975039","No"
"0xba2d275ca7054d2bf48ae1a2db08a8aa2acc6e7f","367.010148867","No"
"0xba4abe7db1f3c12e6f1a09770043d7a6fe215074","7297.973522675","No"
"0xba66cdcec64c04789ac7eef781e84369b5f4929d","1521.851294262","No"
"0xba7040a32a629218c9db447cdeb7992941a9e1db","1760","No"
"0xba9368f17b3fa6266e8b1ef41f4a8acca402d217","88","No"
"0xbb106562aa341ceecc7b99b7bb5381a50ee5a4ce","1144","No"
"0xbb1b9d92ee7698d6c7fed5736d986a067a0151ed","57.2","No"
"0xbb7b1fa37be2354edfdb8dca345682bc2f581a0d","586.08","No"
"0xbbf0e624380d0f794056cc777109ecb84aa88bf7","3.36E-07","No"
"0xbc8af76dc4c9706e5877351ad8d28ef3ecb7dfe1","1152.067781488","No"
"0xbcb17f3fdc5c5b2fec3772296da11c5bab5ab39e","4609.261328276","No"
"0xbcda8d1fb120f93fd18251184855afd677786586","924","No"
"0xbcde62c0df749c2047eab734fa793cb61abfde15","7979.59349554","No"
"0xbd1ded8290ab6c9dc1d9d7decc19066a33088b15","426.05112","No"
"0xbd9ec3b27016e3a3de7cd0a01917fa38a6760f14","4488","No"
"0xbdf67cf8aa412e47785c4c0d74e86b2642b2f9e6","3036","No"
"0xbe07445878e8cf792cc33a453c349266b56013ad","24.64","No"
"0xbeb06dbbfe5c54a3fbb1a53e739044e7fd0e89ab","93.937618919","No"
"0xbeb77e633e6200436453668d3853cd26e338082e","101.03696046","No"
"0xbeed46a7cea42f4dc8dd2241543e52caafc1cfca","18496.72","No"
"0xbf827f8925a71b2120a5ea909376c76f1d5b9ddb","5940.183447213","No"
"0xbf8aaff3c7c231a6ff5a15c2310525c86281a73c","0.606586304","No"
"0xbfc82f98bbdbf33f71541f65675fdd70e9ea8f36","961.629528659","No"
"0xc064f61ffc61d90dbcee42292b3539d054e5bcd2","97.768192696","No"
"0xc0d340dc3a9765920c0e85079a19989f4adcc26d","403.100589093","No"
"0xc0d56396807df7084f7cbb4e17217be48a906fac","264","No"
"0xc10ccc320b4a810e36efa58491b282e14c7d541e","496.728375888","No"
"0xc12a2cf3d7c5901f42ca1e89d2da91e14274d6c7","124.922277796","No"
"0xc153051196b316e1365776d88f2b402afcfc7c38","1372.142790266","No"
"0xc1592a972f3152a131574f30b08d5a547cedd350","11172.48","No"
"0xc178b7f8bd2d289aae0e6b269508cf91f31cc6c6","13000","No"
"0xc1b436ce920173c7fd31aa537ed4868fd5b52551","3520","No"
"0xc277926cde469d134cf5c3f41587a03da929e6ba","97.216137585","No"
"0xc2be43a1eb7aee9eb64b12b72b9e6ddedf4d4fcd","513.910898722","No"
"0xc2f217d175ec64ba780766dd9f2e117603ba8900","175.898529049","No"
"0xc309844f3d1513d3319456cbbfd701e8c763a60a","289.5684","No"
"0xc392a0286e83f20079529541976ba21b360f12e1","367.666834519","No"
"0xc3b060b4471d73d574836eb31eda6062a9ceb3c9","440.966727968","No"
"0xc3e33b29426d48be5c9052672e45d7eceb4b638a","6798.601307069","No"
"0xc3ed00b10e8444fdd7f07cbb1d23103d417d1391","1144","No"
"0xc41a7a58e2edba3a23bcbe19b97571c0ac434d42","0.32","No"
"0xc45222e71848992aa6c77e7b8755379eaab09437","168.040896577","No"
"0xc4712395d57818d43c77b66700d55c83544127bc","816.64","No"
"0xc47dec7ffde829043b91e904fdaf1e048bdd482c","10560","No"
"0xc48790a98d0667c2926c7d70bd6f956858a6c5dd","130.497394289","No"
"0xc51107dbb2dc3dc36a8525c77cdc216728e8a0b4","2266.983760675","No"
"0xc512cfa2ebebb19207c405f35e7ffeefd7e51dbe","9326.410031295","No"
"0xc559f03a309a2ee663600178ed11389e0d773288","1776.356411855","No"
"0xc5698e720050ea918705b39370d496009d7f3960","216.24232013","No"
"0xc584baecf23c7fb1e7187421517bb3cdf81557f6","551.525836263","No"
"0xc59bfff74f4618e83627e4ecd9ea1cceeb349993","0.8","No"
"0xc6f2f093cf64f4d27d4d20577f370e5fb2c5e39c","166.747593703","No"
"0xc72d450aa17954fc98f785f205d92dcbf5129c29","2477.2","No"
"0xc761afe7b762613f6888a212bea4edd55e33fccc","44","No"
"0xc796e461674bd1807e58295a31b6ee8085acf4a1","69.700659514","No"
"0xc7f092e5f570919998f533b75af96d7c7812e438","17952","No"
"0xc827d6d3d1a70c83af2d8e0d5ca07514615b06d0","321.577468828","No"
"0xc82d9c32e684f168826777279b1164edaee62dfc","0.022","No"
"0xc838addfea6f8291fed02fd31a67d4add1aefb50","178.64","No"
"0xc86498d5eb20ed0f0e60e5e52f2624dfdfff9997","2698.665576525","No"
"0xc8bc90a7a7cd4c5b9d76b2a42dab3ce5060bdc54","4022.304","No"
"0xc8e1a1fd8cc989d5ccd90269aa1f3a3dfeb8fafc","56825.113355261","No"
"0xc933eb1dc1eede0d43d9b03057aedf5dfb825f48","487.877368137","No"
"0xc93971cdbffad862867a0912fa53700f8f0b3c72","22","No"
"0xc95dd383ff92b293ef048a7183ee86c7f32cf0bb","53.68","No"
"0xc98a3dcec786f67fc3629c3238d8365d29b708a8","3386.430157413","No"
"0xc98d3f2454efbe1067b30e93946c5f5b96a44035","8885.401981447","No"
"0xc9bbff78618e5a99bbacef7fce4a8932f0441039","97.065562043","No"
"0xc9c29b1ae99f2633478e6cdfe1b56a0df4c3dcdf","171.5296","No"
"0xca466458b28c10dc2e71ba4f5939a0ca65dd3515","605.44","No"
"0xca9949a61dfe5492c0fb5b6daa17c9a823b18c39","88","No"
"0xcabc5c2192f1dfcc17674ce01155b1066188b878","108.483806039","No"
"0xcaeef6f962388cfd814de557d581b9a677925b9a","132","No"
"0xcaf38c149ebd98133cae43bad04b3e255bdec470","613.549791474","No"
"0xcaf6a4f441d8dcfda65c52b8388ae66b38454cee","880","No"
"0xcb0fc8a8e044cae4e054c22aef1b2296debfa234","238.48","No"
"0xcb46f9a45feb599a06fb4b27ee472831a513ff4a","981.079408734","No"
"0xcb68655ad7920837b38ae815770306b62b8097ca","1512.459204029","No"
"0xcb8a709075776c352db9d271bca649755e71916f","646.668014404","No"
"0xcbb1dddb5a68014825c01638b295c82fa7ec88c3","1760","No"
"0xcbb3ee243870571879ceef3de57ffe8cdc87f226","701.673233565","No"
"0xcbb9696216d583abb82a0b1cf5267cc2b2ff725a","3946.512518355","No"
"0xcbe51893aed9aedf1996f8fbdbe7abe279763769","2339.92","No"
"0xcbe8794286f03c9bc31421a9e8205ca2f506fe9d","145.2","No"
"0xcbedd36e644be6b0501c41313d1e870c18e3ce0b","1576.789446905","No"
"0xcc022513a69f5cb4f364dc588302c4ad121b1dcd","1397.697391623","No"
"0xcc3ecef0473229c48bb765f8b4121dbfe18db0f5","8266.418850378","No"
"0xcc4655930d43a7f305fbb8e9570a4d848d836478","440","No"
"0xcc6147a30926c4870c926b977e442ee9a4a55de5","4191.110792955","No"
"0xcc80cbc2ec0888f677db161a522c131af34f8cb4","969.220587955","No"
"0xcc94b5f6dd16fa747598b07913e3d5e67e83aebc","1558.128","No"
"0xccce593fc0e05831ada6f0e3f4210325e43b6936","895.048","No"
"0xccdd11258adcfdb92a95297a4a7baad704138c39","71.84795687","No"
"0xcd0963dc89af01c1d498a7198be0a3a2dc8e3c41","246.760888807","No"
"0xcd2b4ab1c0eaeb75afe892794bea5c5ae73d41a1","21.07274518","No"
"0xcdb62b8f04cd9cd6a6d475b2d645862abf9d8566","722.501291174","No"
"0xce1717677a355b9ab50db34c9374b4cc274e4193","2023.676204813","No"
"0xce30e177ee263bbc9ea93075ec642640d11dafe6","11834.757401047","No"
"0xce3a393cfe84b6e647651377fcaee52e4e9c64d0","24024","No"
"0xce464d5c7f353fb0a5d5921f72edb3afdebcff79","117.875644979","No"
"0xce6f2a61f5eab2285fab59de3f71f4bf42655f86","506","No"
"0xce7be624f7fa89f16117451c4c08e2da9d17dd23","13860.941914986","No"
"0xce85e8715c4799cbbb28781decc4c9ac2200a63d","704","No"
"0xcf0cb3ea472365b4178a0e5a03f8aa6e862978a6","669.989312448","No"
"0xcf27de5cfafbcdbb36c18b921cc1b8c198cbe066","2999.448003503","No"
"0xcf9d162880cfa92311431d43d9f2f037abde1b32","189.39888","No"
"0xcfc9d897e07a6ac22ad3f44c4dfbef775f1a1b2b","201.241413215","No"
"0xcfd38dd73720ea98f9efa109dcd9ad4308b7fbd8","8431.28","No"
"0xcfe570bf86861f2d2662eda2faab65b50cebb0ff","1441.6776","No"
"0xcff31d815daebd43c509129effee754a619e9e7f","40179.175537098","No"
"0xd02076408d7edef9b31e41bc109c70118241353a","5918.017050138","No"
"0xd036c08ef67767ed5ab9ea8ad91d50b437158032","3856.278485733","No"
"0xd08473ea4fe9a7fd113be24a7262aeacd13cddaf","79.953308089","No"
"0xd09911e13f2ef486f6504cad4399155ec8fcdfd4","500","No"
"0xd0cbd55551a2c626931de293b40f329e6acfda0a","269.821869786","No"
"0xd149622a8527382cdcb610dd1a70e2de6847f786","6523.403551365","No"
"0xd1629ca8b2679310f175d023b1840cf343003db5","2204.787942578","No"
"0xd17fe3d3003cffc755fe1646a0ea5104437b945b","88","No"
"0xd1879e78309fe6deedec70d33fb21ac4ca59dc48","880","No"
"0xd1b20497b00590a233aed45a0868df75612e7328","150.084","No"
"0xd204dee0fb188f477be115e8c5e67cb8d0e8ac3c","664.834831343","No"
"0xd22d9c2597ea471056c363d4371837258d9751ac","2362.350203471","No"
"0xd23b020b367fa237cfe6da268345f1ca7094e8f0","1389.899051575","No"
"0xd28972af1a668d3914edc12dc64344022b787e90","121.331496","No"
"0xd2960ce69b3e6b953373d92b995bef7268cc6583","264","No"
"0xd2a9823e205992e685befa75da37a58011e4fb61","420.902390748","No"
"0xd2dfe769dcee03ac80592a1b0deb1d065f7a318a","2189.679993761","No"
"0xd2fbf964ccf7b0c56e2e0986ada48111bd8f9484","2079.499136","No"
"0xd32390e438ffbd1417b617c1b6d23285f91f0ecc","473.258854376","No"
"0xd392f0b5381aa019524ac6600e65429957b2327c","3400.817535166","No"
"0xd3a26ba2bb85dfcc83c6ddd52b89b183313faa70","6373.666161424","No"
"0xd4325be74c2a39987f44fa42bc6ca265c1db5c49","1288.32","No"
"0xd4389daf747ad8b029f983de2d44236e422f3be7","222.773074965","No"
"0xd45787059d3d1f9660c89da9834d00d696980377","2150.002729832","No"
"0xd48b3814d2542e8ffbf173124a3605b0fa66cd55","407.236014673","No"
"0xd4dbc5b32ba30331f73ea4e1694221dbf60eca60","1760","No"
"0xd4e3ff63123521b146c946c18db6fb464c52a23b","835.12","No"
"0xd53c1f049640b1b677ffeb8618ad5edf4e202c19","88","No"
"0xd567db1fe94819fcd8d6a42e5cd606ce171c6d83","41895.92","No"
"0xd5c24f532dcbeefad59a200e292d3d9ee9cd81e9","28886","No"
"0xd5d0a3da3bd18e978e8471509ec326d1aeee006a","804.54086331","No"
"0xd5eeee0ea4fe8e265f64e58142b7f21c14ac8f89","860.652245652","No"
"0xd601ab6d51d67c9120d270a7da805455cdfe6161","33309.296040417","No"
"0xd610b72656fbdbbc0169a2a53938ecd254f614c4","283.531606649","No"
"0xd6d62006b3c8291084c2b0a91f47f163fd6c79e5","6909.849327299","No"
"0xd78e7fd3f38d9f16477b39d7c05850c466d0c15a","16476.74512","No"
"0xd80d72efd83f3dd0adf5ed5ba2535ee026564618","1144","No"
"0xd888d475a9862a68868a105b8e16c74ddf8bbc2a","35.2","No"
"0xd8de5aae7359231fe93f5e16814bfa3dfb0cd7a9","2475.598521003","No"
"0xd8ee6e7f9cd9d23401680c99ce61e2e789b8cd66","169.000057212","No"
"0xd8f22a0b2b9810b84d8ff9da972b7d328b51252c","1611.991840289","No"
"0xd8f6ae91cb777706206aee7017b770a9a6778bac","2364.698181069","No"
"0xd9021ed55749fd6b6851eb06e3bf081846fbc1d7","162.038166343","No"
"0xd9232f0fa3037dbda79d4d07a69e6f8f3e9c3f7e","123.2","No"
"0xd94c3e73223101185c96784524f51ea826104e76","704","No"
"0xd96adc0c01fbb5da8b61d6179ec4f4276e4c1fa6","1020.843982182","No"
"0xd96f7f2573b6c1bbda9b48771318d14c66c7e621","1326.1688","No"
"0xd9d45fa38c6e3ee1e031d8659fa94c396e3169bf","2432.577744841","No"
"0xd9dc1c90ba57530da5562edcdf22151436bf643c","157.56488","No"
"0xd9e549dbe5e3ab288ad6998b23d2fd89e752ab34","2175.596779729","No"
"0xd9e82e0748ecd8ce9ad82fbe310eff63681dd225","326.740863081","No"
"0xda29acdd8aba9f3311ede592874c695bf47a2a59","804.22161875","No"
"0xda4b2b0a59961727fb3336e7ce15c1dcafaf9dce","352","No"
"0xda504e7e5abf1fe120cd1e7c5861ec1daa30da39","5793.7792","No"
"0xda779f21907750e860cdacfd1b76432e8b077d28","200","No"
"0xdaa0489d88519919501c5b360355749f2b01bcb0","1584","No"
"0xdaf417951424b343656c35df1abecd60bc52463d","11619.99753542","No"
"0xdb93e6500b26532722db422f316b59cf5e1ef1ea","598.4","No"
"0xdbc33ed35d265b9cf051acb458eeb080eb39a5de","4400","No"
"0xdbc8f4346cab59be35c4131e23fd442b0638ab31","47.959736437","No"
"0xdc2c5df2cb0290df323a8418ed7fed879547a812","1469.723926377","No"
"0xdc5bdf9dc93f674310ad86b69222adeb333fa13e","10019.759002725","No"
"0xdc9ed8fd5ee7bf3f225afc6c314a6455e6b1db35","39.6","No"
"0xdd0eaba4557ba3df948ca54b2a68ec77fb188de0","98.74656","No"
"0xdd1dc32c265e0a05a8aafd56c1a5a72e7b2c7f2c","47813.714784897","No"
"0xdd9697d2321da62d560fa193afc8c856859b611f","176","No"
"0xddb9ae35c78fd5f234f952359b207142259d7e00","2218.557634912","No"
"0xde9efb30d7022dcd2a6645ada4f593d4a5c5cb94","121.64458403","No"
"0xdea1c8e9e617a84506c9fdd2dc3548c45d06c009","5827.9645334","No"
"0xded6d8502c65301fc6b916e9a8ebbd28c0b47cf0","340.377211665","No"
"0xdef4a2e26e6195033b539085b4573d7c21d39264","39145.622146668","No"
"0xdefb9335b0904351c194fa417ad7cbf562870733","0.018793205","No"
"0xdf5a321fa983f66a662b9519de1e1b6ac46189ba","599.28","No"
"0xdf65fe0d60e8cd797381aaf3a0e893c511a3a45b","308.114312882","No"
"0xdf91b3538f6b4bfaa27d91f224d54fe6ded36310","95.92","No"
"0xdfbcef771a8b864993feff877725c45796088c8f","264","No"
"0xe04b9157bcf2701cc47ca439c060284c3a11e8a4","205.381489314","No"
"0xe0a3a7826b62c3f776763d054853975db11fde00","176","No"
"0xe0e850770680c488a70b24b7c26edbb7e0be7290","660.605033895","No"
"0xe1096d9dddc7f42127c58e5e4b2f2f4470070106","4954.126625562","No"
"0xe1bcca0b8e08f12d4b49ed1efcab40b508c06aaa","693.074459324","No"
"0xe243e448a73cb88aeedfaf6bb79ddd9717291caf","252.049931646","No"
"0xe27b4fc81e64139c02fb23b4b67d3b6ce7456e67","0.643235907","No"
"0xe2807c795947eee3b13371ce5e9c605eb085050f","4854.96446543","No"
"0xe28142f5a0ab4a513fd97c278ec3fe65333bffa4","32.263653536","No"
"0xe2ccf4d0136767ea36c29bc623e0e7ad83d59c96","7906.251329006","No"
"0xe39dbd6a7e3ed11c4d32eaa8e5c069ef31556511","2816","No"
"0xe3a99c0f4c0a6a4dbf8bd926b32af2c297ff1b50","500.538763781","No"
"0xe3badb1b8adbfbbc9034f33b6c9ffa83f8ce1443","665.191205814","No"
"0xe4001ad2e9b9c3d68507afd3d21e00cba112adc0","2000.675174938","No"
"0xe417c69bcd840af2c26d957c68f68b6029ba4254","59164.652025282","No"
"0xe46923bc960397ec2ec2b27e67120058a04e672d","2297.50063792","No"
"0xe4d98e9240c923b9945921b411064bd81319774a","880","No"
"0xe4da60ee10dbc52f3b032f99fcf2fffa83a62ba4","769.011704278","No"
"0xe521761dffe7756359e3edec07c698fe1eca1b98","88","No"
"0xe54229a83b80fdbf33063f13ea902217c8733cd7","48.03030589","No"
"0xe54ef5564b09b4c81d9f72f997c397bfc212dd0e","2465.022423531","No"
"0xe55b1947aa83bf1011a04f332b75e39bde5fde04","310.453595675","No"
"0xe55e3465f2d42b5027689ca6038f92fa15970c3f","880","No"
"0xe5f7a623549a1f4dab126c6f0725ef2c31e39f55","33099.086720209","No"
"0xe6788351eca7098ca9da3c7f2af19a04ea57dd03","88.88","No"
"0xe6926fa3ce1b37c2b146a2813e0124e9954619d0","401.196870622","No"
"0xe6a0f50af46aa1deaa736e18e2a6470d181892c8","30.0981208","No"
"0xe6ccf64a728afaff2471f568fe3c9c5014c5d47d","281.691953635","No"
"0xe8098c8bef21e394b5bc5f73d975bf08c6bf4e3b","220","No"
"0xe82b4368bfbb57ce20186265122cbae17b1d44de","2500.403327405","No"
"0xe86ccc207545e6482f8f1f17be3625ed3c67f247","815.326520282","No"
"0xe8a98fa78e3e36b28f949c9ca83dda37de20139d","2749.672687664","No"
"0xe8ebf9d1251b207b12d761498ed37763e2a31d5a","6570.387080423","No"
"0xe977058b590cfcbe4c2a4126d9d709c56e9c1d32","0.838064998","No"
"0xe97c5a1a75f2b1fd50df64b839d3bb6db4e595b3","124.778383395","No"
"0xe9f3e66d572f80b507281853e03b06e3742547cf","2562.357799917","No"
"0xea1fa104d105763828cbd0d842d59ecbb9efa305","165.462463148","No"
"0xea26996bd8696ce6bc706d35c9aec97a03cd4e09","573.626545671","No"
"0xea8c50e46270a7975121d2e9af14f8ae90391dc3","779.763315759","No"
"0xeaa888d124f46deaefb8f8506fe1e7bfaed5c739","19674.722943717","No"
"0xeaedce11b93790f3be6a359677cbffc4ea63394e","229.330537665","No"
"0xeb0aacd6189b417cd80c108d0bdf96981842b05f","91.35368","No"
"0xeb652ba53accb1b20fc3364cf923f5f32679d08f","246.566094997","No"
"0xebc5a5fd5307b1acfea11b9627e18f2dbae2645a","177.132828462","No"
"0xebeefd2156204cdb484a549dc3fc93643a5904b8","1206.134228237","No"
"0xec335dcf391afd26483e4b82bf042f5975757a8e","5044.399748101","No"
"0xec670ef9f3873ae12ed2f3bf8724f7567494125b","8056.082912585","No"
"0xec87893e9b6d7a661442584ac0e55647c87fcb13","1751.2","No"
"0xecb930e556da9293508d63650feb35ee262948c7","1812.8","No"
"0xecc0c7632ab1ac43878280e3f31673a963ccb994","393.512374589","No"
"0xecdf967a3b0f8cd2803b71a8218dc0656213f365","953.302860104","No"
"0xed298ba2aa6964f36a7f38424b0baa47d8efa216","3212","No"
"0xed80b37591b54a7bdd7a2495216f19c09eb733dc","5040.281640322","No"
"0xedcade7fecb227653e355b7702363c14df1707eb","3777.929104457","No"
"0xede33736dc06d8200dce3a31e741c956beca3016","1872.706223928","No"
"0xee7ea24144a6846dbf8d5393873e32eff5bbacaf","1807.681763639","No"
"0xeec697d4616fe1282bf4cf443b26b420ae0e4483","545.6","No"
"0xef6fcbd3f17a98a1f52a5b0c57fccc03eb9bd1f6","800.385330227","No"
"0xef97d3a50b8ab2612d5a3b64bbe00eace23053b3","1320","No"
"0xefad9b6361ab2bd8c132152b1c6c95906a04ae8d","795.36248","No"
"0xefcfe23fb4407ab55107270eae1a04d35cc10e89","290.139293504","No"
"0xeff0f3df7713eeed073a6abaecb5577e6392d1e2","492.129377152","No"
"0xf016294235bea1e33baf8e08c8323189114111cd","1086.52090289","No"
"0xf03e6e28fa6fa364dd2af1919c6ea425bb136586","704","No"
"0xf045eccbf24060671f4793826666c81c6af1f269","1132.847107891","No"
"0xf054efac16f14eae3bbf2b799b9dc5e8a4001cf8","377.290795376","No"
"0xf0771f5345ab5b97ee10ec58a42429a9b0252737","325.495831372","No"
"0xf088fbf7b26a9a61fe3e5f247bc3e61629af1a17","166.421156343","No"
"0xf08d882ae658fbfcb6cb88b822182c3e05940aed","27002.549375649","No"
"0xf093daf9a7784fab3704a5bd7ff5ec31a8129316","336.608003179","No"
"0xf0b94e4156366e301455f2fb6a081e4ccb6b43b5","341.37153172","No"
"0xf0bc94c6b7038119222b07e0c42f93dea0f6afd6","156.515336912","No"
"0xf0cbbb16104413d343a817a68b9b3cae89b2f212","938.309036572","No"
"0xf0eb0141077569c98f0ed834b2bb11b6f77af018","668.20820036","No"
"0xf1792aedb86c723afa70119a5e58d42a5b5b1fcf","5922.09801771","No"
"0xf1dd251a9e8774db8a38a13df6595819d7426210","141.510013238","No"
"0xf1f949457f428ff5440d1b4d1fa7551b7afcd8ff","1100","No"
"0xf2d64ee3531544d5dd4aa778e05aad0b84c152c4","450.865013554","No"
"0xf2da7f3cd4c57c9da50c7f3b1e3e84439fc74878","101039.84","No"
"0xf2e203c0c60f86ba6f286c6b6fc543605668ec84","1635.792581302","No"
"0xf301fd60b570432e933e8c2a6f28fd2b8d494566","1177.44","No"
"0xf30dcc3c67f8a70180a6f4fd700a2d831d900454","5560.928411212","No"
"0xf3a2319eb7ba310721ba3c9400e402ef4ed65ed4","3703.057695702","No"
"0xf436eee4cbb38acc8a0dcc831fb44181908f4f54","24.7009928","No"
"0xf4a79cdbb1cfc37cbfda4a01ff19b30e513677dc","386.767953332","No"
"0xf4be1a2b28758307674493749490ccfeade21edb","668.8","No"
"0xf53b9f694aaaa83e6e6f3a1e585a2888ffade112","1760","No"
"0xf56bf73bc19ce1a46812f27a5deb2057c4f6a1bc","191","No"
"0xf5bb4cb39bce7b9f954470853664e340c016b500","704","No"
"0xf5f0d5cd5b0ff5a496e0a9cf027def894b9afad2","575.348756998","No"
"0xf6a3b8dcf4c6f9344f167f8c9132dfd7c997d7a2","2904","No"
"0xf6b751aa7fcab6e517c74c7ab821f1529e7f0ccb","7641.284517728","No"
"0xf6ffa7aad6ae31b10d6ff6aeaa4aea5fcb90fe3a","157.52","No"
"0xf7214807de99b9e8aeef165e166b421dadfd3c0e","1550.56","No"
"0xf781ce872e5fb878fd1d94bd8d2bf7cc0ccf7e0e","3273.488094865","No"
"0xf7ad802a61b02463653b3f220347b080193547d2","774.773592416","No"
"0xf7b8ee74b742390c61d756e9074f2d991fac8d47","1452","No"
"0xf7c481160a180ec31c6717ea6df4038e79be9ae9","171.155201609","No"
"0xf7eb3f07e197e9f2d4cac09835ff3845d8077d2d","5047.68","No"
"0xf816e0eb3ac705beda3b79d9d445421b386e70c2","451.851752848","No"
"0xf81ad4681dd7a64790c56c0b64a5b201c1f72af4","311.23048","No"
"0xf85bab2f4fdafef414d4f6a98e7b193900608463","1525.916390755","No"
"0xf8bbdb566fb64a424695447d27f44df81574cd15","1421.427727601","No"
"0xf91647d1e50f223362160796552a26b9c253232c","6973.59570882","No"
"0xf922a942c4a3273f19a0f2e7dbe43e5a002941c6","164.522269652","No"
"0xf95e76f9b2b07af0a36ee60a9524a2a94c0f0c59","176","No"
"0xfa130b502146fbea75244d66a8c2f0b53fe25867","22283.262641113","No"
"0xfa468bba18035dffa82e7f2478beae08f0fadd5a","218.682068443","No"
"0xfa673b9a94318b136d232b539a9e2610692cd0df","880","No"
"0xfab733a25394a4eb2f7028d0180e1fceda26b1a0","2033.033963678","No"
"0xfae563fc6fd7d568a9dfb02e7c48c11eb8481bef","88","No"
"0xfb2463c1cf34d6c15e1ee93eee467ecde010d551","690.8088","No"
"0xfb25b4fe5601fc37a309e0eebf246d1d5d5ce42d","744.601808594","No"
"0xfb6782eb7832277eb544b02101377d896723e08f","4.4","No"
"0xfb8a6510ecc8827ec91a2a06f5012d1c41dee36e","243.76","No"
"0xfbaf6dffa44dc63356db4ac267e62f43294c69e5","368.652863874","No"
"0xfbed4d8fd5defca9b980f0cbaac1c069f37d8de3","616.29532238","No"
"0xfbed7dedf019777954c230ad36b8b7eb2bd845e9","6621.395149783","No"
"0xfc3d3b15dac4ad7287ee0d6d499dd47e17215cd6","1438.118325119","No"
"0xfca4b4419f1904f63b889b30ed106cb5d0358249","440","No"
"0xfd1b907ae509071efd1a21b51c2f23aa8a52cc65","88","No"
"0xfd2502706c53fea5d5fb0be2e76bc74b692bf91a","86.796621291","No"
"0xfd34141a0d051abc3d1ce72c3c3da41eb17a8dd8","397.697122495","No"
"0xfd414270389020d9b0931d6c43fc224d14998047","880","No"
"0xfd4226784c80f979361d15f1bfc16e561e5857a8","119.224334643","No"
"0xfd44016c5fe54f720868f2d18571717132217578","413.6","No"
"0xfdaed9d5ad31868c6553b9f95b75b379e3eaa83a","62.842260573","No"
"0xfdef65982326708e3434b9406aa04e554157ab0c","65.12","No"
"0xfe07099ab441f2266263da4b00ff2e19acb12a1b","2138.67680556","No"
"0xfe51b18e114429ac6fcc18fbba894a446fb6cfd4","531.053846364","No"
"0xfe715c965a2f009a71ef7d4f98ffadc7ad1c78e8","51656","No"
"0xff5ea466c3c52a0fe982f8ef0cbf70c9210a0e41","88","No"
"0xff87c70fc8e6215bf97b42f273a2b256f967dad4","195.719561869","No"
"0xff9967091fc9ef4fd4ad32cad4ed547ca33b0dce","2183.10906715","No"
"0xffa1674af5827a46f81d3e1667d2d242c5c0c8b5","37.319714278","No"
"0xffa21c03ca87321ab497168d79ed9b77b04123b5","4676.187242879","No"
"0xffc2762073e96cf411851a086cea000dcb8544ef","449.68","No"
"0xffdf696a5842cc352ceaf69b626900a695f0efc2","26.729321838","No"
